Company Name,Industry,SYMBOL,SERIES,ISIN
20 MICRONS LIMITED,Chemicals,20MICRONS,EQ,INE144J01027
,,3IINFOTECH,EQ,INE748C01020
,,8KMILES,EQ,INE650K01013
A2Z INFRA ENGINEERING LIMITED,Construction & Engineering,A2ZINFRA,EQ,INE619I01012
AARTI DRUGS LIMITED,Pharmaceuticals,AARTIDRUGS,EQ,INE767A01016
,,AARVEEDEN,EQ,INE273D01019
ABAN OFFSHORE LIMITED,Oil & Gas Related Equipment and Services,ABAN,EQ,INE421A01028
,,ABGSHIP,EQ,INE067H01016
,,ABIRLANUVO,EQ,INE069A01017
ACCELYA SOLUTIONS INDIA LIMITED,Software & IT Services,ACCELYA,EQ,INE793A01012
,,ACROPETAL,EQ,INE055L01013
ADANI POWER LIMITED,Electrical Utilities & IPPs,ADANIPOWER,EQ,INE814H01011
ADF FOODS LIMITED,Food & Tobacco,ADFFOODS,EQ,INE982B01019
,,ADHUNIK,EQ,INE400H01019
"ANALOG DEVICES, INC.",Semiconductors & Semiconductor Equipment,ADI,EQ,INE959A01019
,,ADLABS,EQ,INE172N01012
,,ADORWELD,EQ,INE045A01017
ALLIED DIGITAL SERVICES LIMITED,Software & IT Services,ADSL,EQ,INE102I01027
ADVANI HOTELS AND RESORTS (INDIA) LIMITED,Hotels & Entertainment Services,ADVANIHOTR,EQ,INE199C01026
,,ADVANTA,EQ,INE517H01028
AFLAC INCORPORATED,Insurance,AFL,EQ,INE020G01017
AGARWAL INDUSTRIAL CORPORATION LIMITED,Chemicals,AGARIND,EQ,INE204E01012
,,AGCNET,EQ,INE676A01019
AGRI-TECH (INDIA) LIMITED,Food & Tobacco,AGRITECH,EQ,INE449G01018
,,AGRODUTCH,EQ,INE135B01014
Asian Hotels (East) Limited,Hotels & Entertainment Services,AHLEAST,EQ,INE926K01017
AHLUWALIA CONTRACTS (INDIA) LIMITED,Construction & Engineering,AHLUCONT,EQ,INE758C01029
ASIAN HOTELS (WEST) LIMITED,Hotels & Entertainment Services,AHLWEST,EQ,INE915K01010
ASHAPURA INTIMATES FASHION LIMITED,Textiles & Apparel,AIFL,EQ,INE428O01016
L'Air Liquide Societe Anonyme pour l'Etude et l'Exploitation des Procedes Georges Claude SA,Chemicals,AIL,EQ,INE878A01011
AJMERA REALTY & INFRA INDIA LIMITED,Real Estate Operations,AJMERA,EQ,INE298G01027
AKSH OPTIFIBRE LIMITED,Communications & Networking,AKSHOPTFBR,EQ,INE523B01011
Alankit Limited,Software & IT Services,ALANKIT,EQ,INE914E01032
,,ALBK,EQ,INE428A01015
ALCHEMIST LIMITED,Chemicals,ALCHEM,EQ,INE964B01033
ALEMBIC LIMITED,Real Estate Operations,ALEMBICLTD,EQ,INE426A01027
ALICON CASTALLOY LIMITED,Metals & Mining,ALICON,EQ,INE062D01024
ALKALI METALS LTD.,Chemicals,ALKALI,EQ,INE773I01017
ALKYL AMINES CHEMICALS LIMITED,Chemicals,ALKYLAMINE,EQ,INE150B01021
ALLCARGO LOGISTICS LIMITED,Freight & Logistics Services,ALLCARGO,EQ,INE418H01029
,,ALLSEC,EQ,INE835G01018
Almondz Global Securities Limited,Investment Banking & Investment Services,ALMONDZ,EQ,INE326B01027
,,ALOKTEXT,EQ,INE270A01011
ALPA LABORATORIES LIMITED,Pharmaceuticals,ALPA,BE,INE385I01010
ALPHAGEO (INDIA) LIMITED,Metals & Mining,ALPHAGEO,EQ,INE137C01018
ALPS INDUSTRIES LIMITED,Textiles & Apparel,ALPSINDUS,EQ,INE093B01015
AMBIKA COTTON MILLS LIMITED,Textiles & Apparel,AMBIKCO,EQ,INE540G01014
AMD INDUSTRIES LIMITED,Containers & Packaging,AMDIND,EQ,INE005I01014
AMRUTANJAN HEALTH CARE LIMITED,Pharmaceuticals,AMRUTANJAN,EQ,INE098F01023
,,AMTEKAUTO,EQ,INE130C01021
,,AMTL,EQ,INE436N01029
,,ANANDAMRUB,EQ,INE618N01014
,,ANDHRABANK,EQ,INE434A01013
,,ANDHRACEMT,EQ,INE666E01012
THE ANDHRA SUGARS LIMITED,Chemicals,ANDHRSUGAR,EQ,INE715B01013
,,ANGIND,EQ,INE017D01010
ANIK INDUSTRIES LIMITED,Food & Tobacco,ANIKINDS,BE,INE087B01017
ANKIT METAL & POWER LIMITED,Metals & Mining,ANKITMETAL,EQ,INE106I01010
ANSAL PROPERTIES AND INFRASTRUCTURE LIMITED,Real Estate Operations,ANSALAPI,EQ,INE436A01026
,,ANSALHSG,EQ,INE880B01015
ANTARCTICA LIMITED,Containers & Packaging,ANTGRAPHIC,BE,INE414B01021
APCOTEX INDUSTRIES LIMITED,Chemicals,APCOTEXIND,EQ,INE116A01024
APL Apollo Tubes Limited,Metals & Mining,APLAPOLLO,EQ,INE702C01019
ALEMBIC PHARMACEUTICALS LIMITED,Pharmaceuticals,APLLTD,EQ,INE901L01018
APOLLO SINDOORI HOTELS LIMITED,Hotels & Entertainment Services,APOLSINHOT,EQ,INE451F01016
APTECH LIMITED,Professional & Business Education,APTECHT,EQ,INE266F01018
ARCHIDPLY INDUSTRIES LIMITED,Paper & Forest Products,ARCHIDPLY,EQ,INE877I01016
ARCHIES LIMITED,Specialty Retailers,ARCHIES,EQ,INE731A01020
ARCOTECH LIMITED,Metals & Mining,ARCOTECH,EQ,INE574I01027
ARIES AGRO LIMITED (CN),Chemicals,ARIES,EQ,INE298I01015
,,ARIHANT,EQ,INE413D01011
ARO GRANITE INDUSTRIES LIMITED,Construction Materials,AROGRANITE,EQ,INE210C01013
,,ARROWCOAT,EQ,INE570D01018
,,ARROWTEX,EQ,INE933J01015
Arshiya Limited,Freight & Logistics Services,ARSHIYA,EQ,INE968D01022
ARSS INFRASTRUCTURE PROJECTS LIMITED,Construction & Engineering,ARSSINFRA,EQ,INE267I01010
ARVIND LIMITED,Textiles & Apparel,ARVIND,EQ,INE034A01011
,,ARVINFRA,EQ,INE034S01021
ASAHI SONGWON COLORS LIMITED,Chemicals,ASAHISONG,EQ,INE228I01012
AUTOMOTIVE STAMPINGS AND ASSEMBLIES LIMITED,Automobiles & Auto Parts,ASAL,EQ,INE900C01027
ASHAPURA MINECHEM LTD,Metals & Mining,ASHAPURMIN,EQ,INE348A01023
ASHIANA HOUSING LIMITED,Real Estate Operations,ASHIANA,EQ,INE365D01021
ASHIMA LIMITED,Real Estate Operations,ASHIMASYN,EQ,INE440A01010
ASHOKA BUILDCON LIMITED,Construction & Engineering,ASHOKA,EQ,INE442H01029
ASIAN HOTELS (NORTH) LIMITED,Hotels & Entertainment Services,ASIANHOTNR,EQ,INE363A01022
ASIAN GRANITO INDIA LIMITED,Homebuilding & Construction Supplies,ASIANTILES,EQ,INE022I01019
,,ASSAMCO,EQ,INE442A01024
Astec Lifesciences Limited,Chemicals,ASTEC,EQ,INE563J01010
ASTRA MICROWAVE PRODUCTS LIMITED,Electronic Equipment & Parts,ASTRAMICRO,EQ,INE386C01029
ASTRAZENECA PHARMA INDIA LIMITED,Pharmaceuticals,ASTRAZEN,EQ,INE203A01020
,,ATFL,EQ,INE209A01019
ATLANTA ELECTRICALS LIMITED,"Machinery, Equipment & Components",ATLANTA,EQ,INE285H01022
ATLAS CYCLES (HARYANA) LIMITED,Leisure Products,ATLASCYCLE,EQ,INE446A01017
,,ATNINTER,EQ,INE803A01027
ATUL AUTO LTD,Automobiles & Auto Parts,ATULAUTO,EQ,INE951D01028
AURIONPRO SOLUTIONS LIMITED,Software & IT Services,AURIONPRO,EQ,INE132H01018
AUSOM ENTERPRISE LIMITED,Investment Banking & Investment Services,AUSOMENT,EQ,INE218C01016
AUSTRAL GOLD LIMITED,Metals & Mining,AUSTRAL,EQ,INE455J01027
AUTOMOTIVE AXLES LIMITED,Automobiles & Auto Parts,AUTOAXLES,EQ,INE449A01011
AUTOLINE INDUSTRIES LIMITED,Automobiles & Auto Parts,AUTOIND,EQ,INE718H01014
,,AUTOLITIND,EQ,INE448A01013
AVANTI FEEDS LIMITED,Food & Tobacco,AVANTIFEED,EQ,INE871C01020
AVT NATURAL PRODUCTS LIMITED,Food & Tobacco,AVTNPL,EQ,INE488D01021
AXISCADES TECHNOLOGIES LIMITED,Professional & Commercial Services,AXISCADES,EQ,INE555B01013
,,AXISGOLD,EQ,INF846K01347
AYM Syntex Limited,Textiles & Apparel,AYMSYNTEX,EQ,INE193B01039
,,BAFNAPHARM,EQ,INE878I01014
B.A.G. FILMS AND MEDIA LIMITED,Media & Publishing,BAGFILMS,EQ,INE116D01028
,,BAJAJCORP,EQ,INE933K01021
BAJAJ ELECTRICALS LIMITED,Household Goods,BAJAJELEC,EQ,INE193E01025
BAJAJ FINSERV LIMITED,Banking Services,BAJAJFINSV,EQ,INE918I01018
BAJAJ HINDUSTHAN SUGAR LIMITED,Food & Tobacco,BAJAJHIND,EQ,INE306A01021
BAJAJ FINANCE LIMITED,Banking Services,BAJFINANCE,EQ,INE296A01016
BALAJI TELEFILMS LIMITED,Media & Publishing,BALAJITELE,EQ,INE794B01026
BALAJI AMINES LIMITED,Chemicals,BALAMINES,EQ,INE050E01027
BALLARPUR INDUSTRIES LIMITED,Paper & Forest Products,BALLARPUR,EQ,INE294A01037
BALMER LAWRIE AND COMPANY LIMITED,Consumer Goods Conglomerates,BALMLAWRIE,EQ,INE164A01016
BAL PHARMA LIMITED,Pharmaceuticals,BALPHARMA,EQ,INE083D01012
BANARAS BEADS LIMITED,Textiles & Apparel,BANARBEADS,EQ,INE655B01011
BANNARI AMMAN SUGARS LIMITED,Food & Tobacco,BANARISUG,EQ,INE459A01010
BANCO PRODUCTS (INDIA) LIMITED,Automobiles & Auto Parts,BANCOINDIA,EQ,INE213C01025
BANG OVERSEAS LIMITED,Textiles & Apparel,BANG,EQ,INE863I01016
,,BANKBEES,EQ,INF732E01078
BANSWARA SYNTEX LTD,Textiles & Apparel,BANSWRAS,EQ,INE629D01012
,,BARTRONICS,EQ,INE855F01034
BASF INDIA LIMITED,Chemicals,BASF,EQ,INE373A01013
BANNARI AMMAN SPINNING MILLS LIMITED,Textiles & Apparel,BASML,EQ,INE186H01014
BHARAT BIJLEE LIMITED,"Machinery, Equipment & Components",BBL,EQ,INE464A01028
BDR BUILDCON LIMITED,Real Estate Operations,BDR,IT,INE766Q01014
BEDMUTHA INDUSTRIES LIMITED,Metals & Mining,BEDMUTHA,EQ,INE844K01012
BHARAT ELECTRONICS LIMITED,Aerospace & Defense,BEL,EQ,INE263A01016
BEML LIMITED,"Machinery, Equipment & Components",BEML,EQ,INE258A01016
BHANSALI ENGINEERING POLYMERS LIMITED,Chemicals,BEPL,EQ,INE922A01025
BF INVESTMENT LIMITED,Investment Banking & Investment Services,BFINVEST,EQ,INE878K01010
BF UTILITIES LIMITED,Construction & Engineering,BFUTILITIE,EQ,INE243D01012
BHARATIYA GLOBAL INFOMEDIA LIMITED,Software & IT Services,BGLOBAL,BE,INE224M01013
BGR ENERGY SYSTEMS LIMITED,Construction & Engineering,BGRENERGY,EQ,INE661I01014
BHAGERIA INDUSTRIES LIMITED,Chemicals,BHAGERIA,EQ,INE354C01019
BHAGYANAGAR INDIA LIMITED,"Machinery, Equipment & Components",BHAGYNAGAR,EQ,INE458B01028
BHARAT GEARS LIMITED,Automobiles & Auto Parts,BHARATGEAR,EQ,INE561C01019
BHARATI DEFENCE AND INFRASTRUCTURE LIMITED,"Machinery, Equipment & Components",BHARATIDIL,EQ,INE673G01013
BHARAT RASAYAN LIMITED,Chemicals,BHARATRAS,EQ,INE838B01013
,,BHUSANSTL,EQ,INE824B01021
BHARTIYA INTERNATIONAL LIMITED,Textiles & Apparel,BIL,EQ,INE828A01016
BIL ENERGY SYSTEMS LIMITED,Electronic Equipment & Parts,BILENERGY,EQ,INE607L01029
,,BILPOWER,EQ,INE952D01018
,,BINANIIND,EQ,INE071A01013
,,BINDALAGRO,EQ,INE143A01010
BIRLA CORPORATION LIMITED,Construction Materials,BIRLACORPN,EQ,INE340A01012
,,BIRLACOT,EQ,INE655I01024
,,BIRLAERIC,BE,INE800A01015
ADITYA BIRLA MONEY LIMITED,Investment Banking & Investment Services,BIRLAMONEY,EQ,INE865C01022
BLB LIMITED,Investment Banking & Investment Services,BLBLIMITED,EQ,INE791A01024
BLISS GVS PHARMA LIMITED,Pharmaceuticals,BLISSGVS,EQ,INE416D01022
B L KASHYAP AND SONS LIMITED,Construction & Engineering,BLKASHYAP,BL,INE350H01032
B L KASHYAP AND SONS LIMITED,Construction & Engineering,BLKASHYAP,EQ,INE350H01032
BLUE BLENDS INDIA LIMITED,Textiles & Apparel,BLUEBLENDS,EQ,INE113O01014
BLUE CHIP INDIA LTD,Investment Banking & Investment Services,BLUECHIP,BE,INE657B01025
BLUE DART EXPRESS LIMITED,Freight & Logistics Services,BLUEDART,N1,INE233B08087
BLUE DART EXPRESS LIMITED,Freight & Logistics Services,BLUEDART,N2,INE233B08095
BLUE DART EXPRESS LIMITED,Freight & Logistics Services,BLUEDART,N3,INE233B08103
,,BLUESTINFO,EQ,INE504B01011
BODAL CHEMICALS LIMITED,Chemicals,BODALCHEM,EQ,INE338D01028
BOMBAY DYEING AND MFG. CO. LTD.,Textiles & Apparel,BOMDYEING,EQ,INE032A01023
BPL LIMITED,"Computers, Phones & Household Electronics",BPL,EQ,INE110A01019
BOMBAY RAYON FASHIONS LIMITED,Textiles & Apparel,BRFL,EQ,INE589G01011
BRITANNIA INDUSTRIES LTD,Food & Tobacco,BRITANNIA,EQ,INE216A01022
BROOKS LABORATORIES LIMITED,Pharmaceuticals,BROOKS,EQ,INE650L01011
,,BSELINFRA,EQ,INE395A01016
BSL LTD,Textiles & Apparel,BSL,EQ,INE594B01012
,,BSLGOLDETF,EQ,INF209K01HT2
,,BSLIMITED,EQ,INE043K01029
,,BSLNIFTY,EQ,INF209K01IR4
BURNPUR CEMENT LIMITED,Construction Materials,BURNPUR,EQ,INE817H01014
Butterfly Gandhimathi Appliances Limited,Household Goods,BUTTERFLY,EQ,INE295F01017
BARAK VALLEY CEMENTS LIMITED,Construction Materials,BVCL,EQ,INE139I01011
The Byke Hospitality Limited,Hotels & Entertainment Services,BYKE,EQ,INE319B01014
,,CAIRN,EQ,INE910H01017
CALIFORNIA SOFTWARE COMPANY LIMITED,Software & IT Services,CALSOFT,EQ,INE526B01014
CAMLIN FINE SCIENCES LIMITED,Chemicals,CAMLINFINE,EQ,INE052I01032
THE CANARA BANK LIMITED,Banking Services,CANBK,EQ,INE476A01014
C & C CONSTRUCTIONS LIMITED,Construction & Engineering,CANDC,EQ,INE874H01015
CAN FIN HOMES LIMITED,Banking Services,CANFINHOME,EQ,INE477A01012
CANTABIL RETAIL INDIA LIMITED,Textiles & Apparel,CANTABIL,EQ,INE068L01016
,,CAPF,EQ,INE688I01017
CAPLIN POINT LABORATORIES LIMITED,Pharmaceuticals,CAPLIPOINT,EQ,INE475E01018
,,CAREERP,EQ,INE521J01018
CARE RATINGS LIMITED,Professional & Commercial Services,CARERATING,EQ,INE752H01013
,,CASTEXTECH,EQ,INE068D01021
CONSOLIDATED CONSTRUCTION CONSORTIUM LIMITED,Construction & Engineering,CCCL,EQ,INE429I01024
COUNTRY CLUB HOSPITALITY & HOLIDAYS LIMITED,Hotels & Entertainment Services,CCHHL,EQ,INE652F01027
CELEBRITY FASHIONS LIMITED,Textiles & Apparel,CELEBRITY,EQ,INE185H01016
,,CELESTIAL,EQ,INE221I01017
CENTURY ENKA LIMITED,Textiles & Apparel,CENTENKA,EQ,INE485A01015
CENTURY EXTRUSIONS LTD,Metals & Mining,CENTEXT,EQ,INE281A01026
CENTUM ELECTRONICS LIMITED,"Machinery, Equipment & Components",CENTUM,EQ,INE320B01020
CENTURY PLYBOARDS (INDIA) LTD.,Paper & Forest Products,CENTURYPLY,EQ,INE348B01021
CERA SANITARYWARE LIMITED,Homebuilding & Construction Supplies,CERA,EQ,INE739E01017
CEREBRA INTEGRATED TECHNOLOGIES LIMITED,"Computers, Phones & Household Electronics",CEREBRAINT,EQ,INE345B01019
CESC LTD,Electrical Utilities & IPPs,CESC,EQ,INE486A01013
Capri Global Capital Limited,Banking Services,CGCL,EQ,INE180C01018
,,CHEMFALKAL,EQ,INE479E01028
CHOLAMANDALAM INVESTMENT AND FINANCE COMPANY LIMITED,Banking Services,CHOLAFIN,EQ,INE121A01016
,,CHROMATIC,EQ,INE662C01015
CIGNITI TECHNOLOGIES LIMITED,Software & IT Services,CIGNITITEC,EQ,INE675C01017
CIMMCO LIMITED,"Machinery, Equipment & Components",CIMMCO,EQ,INE184C01028
CINELINE INDIA LIMITED,Hotels & Entertainment Services,CINELINE,EQ,INE704H01022
CINEVISTA LIMITED,Media & Publishing,CINEVISTA,EQ,INE039B01026
,,CLNINDIA,EQ,INE492A01029
COFFEE DAY ENTERPRISES LIMITED,Hotels & Entertainment Services,COFFEEDAY,EQ,INE335K01011
COMPUCOM SOFTWARE LIMITED,Software & IT Services,COMPUSOFT,EQ,INE453B01029
CONTAINER CORPORATION OF INDIA LIMITED,Freight & Logistics Services,CONCOR,EQ,INE111A01017
CONSOLIDATED FINVEST & HOLDINGS LIMITED,Banking Services,CONSOFINVT,EQ,INE025A01027
CORDS CABLE INDUSTRIES LIMITED,"Machinery, Equipment & Components",CORDSCABLE,EQ,INE792I01017
,,CORPBANK,EQ,INE112A01023
,,COSMOFILMS,EQ,INE757A01017
COUNTRY CONDO'S LIMITED,Construction & Engineering,COUNCODOS,EQ,INE695B01025
,,COX&KINGS,EQ,INE008I01026
,,CPSEETF,EQ,INF457M01133
CREATIVE EYE LIMITED,Media & Publishing,CREATIVEYE,EQ,INE230B01021
CREST VENTURES LIMITED,Investment Banking & Investment Services,CREST,EQ,INE559D01011
CAMBRIDGE TECHNOLOGY ENTERPRISES LIMITED,Software & IT Services,CTE,EQ,INE627H01017
CUBEX TUBINGS LTD,Metals & Mining,CUBEXTUB,BE,INE144D01012
,,CURATECH,EQ,INE117B01012
CYBER MEDIA (INDIA) LIMITED,Media & Publishing,CYBERMEDIA,EQ,INE278G01037
CYBERTECH SYSTEMS AND SOFTWARE LIMITED,Software & IT Services,CYBERTECH,EQ,INE214A01019
,,DAAWAT,EQ,INE818H01012
,,DALMIABHA,EQ,INE439L01019
DALMIA BHARAT SUGAR AND INDUSTRIES LIMITED,Food & Tobacco,DALMIASUG,EQ,INE495A01022
Datamatics Global Services Limited,Software & IT Services,DATAMATICS,EQ,INE365B01017
D.B. CORP LIMITED,Media & Publishing,DBCORP,EQ,INE950I01011
VALOR ESTATE LIMITED,Real Estate Operations,DBREALTY,EQ,INE879I01012
DB (INTERNATIONAL) STOCK BROKERS LIMITED,Investment Banking & Investment Services,DBSTOCKBRO,EQ,INE921B01025
DCB BANK LIMITED,Banking Services,DCBBANK,EQ,INE503A01015
DCM LTD.,Metals & Mining,DCM,EQ,INE498A01018
D C W LIMITED,Chemicals,DCW,EQ,INE500A01029
DECCAN CEMENTS LTD,Construction Materials,DECCANCE,EQ,INE583C01013
,,DEEPIND,EQ,INE677H01012
DELTA CORP LIMITED,Hotels & Entertainment Services,DELTACORP,EQ,INE124G01033
DELTA MANUFACTURING LIMITED,"Machinery, Equipment & Components",DELTAMAGNT,EQ,INE393A01011
DEN NETWORKS LIMITED,Media & Publishing,DEN,EQ,INE947J01015
,,DENABANK,EQ,INE077A01010
DE NORA INDIA LIMITED,"Machinery, Equipment & Components",DENORA,EQ,INE244A01016
DHAMPUR SUGAR MILLS LIMITED,Food & Tobacco,DHAMPURSUG,EQ,INE041A01016
DHANLAXMI BANK LIMITED,Banking Services,DHANBANK,EQ,INE680A01011
DHANUKA AGRITECH LIMITED,Chemicals,DHANUKA,EQ,INE435G01025
DHARANI SUGARS AND CHEMICALS LIMITED,Food & Tobacco,DHARSUGAR,EQ,INE988C01014
,,DHFL,EQ,INE202B01012
DHUNSERI INVESTMENTS LIMITED,Chemicals,DHUNINV,EQ,INE320L01011
,,DIAPOWER,EQ,INE989C01012
DIC INDIA LIMITED,Chemicals,DICIND,EQ,INE303A01010
DISHMAN CARBOGEN AMCIS LIMITED,Pharmaceuticals,DISHMAN,EQ,INE353G01020
DISH TV INDIA LIMITED,Media & Publishing,DISHTV,EQ,INE836F01026
D-LINK (INDIA) LIMITED.,Communications & Networking,DLINKINDIA,EQ,INE250K01012
,,DOLPHINOFF,EQ,INE920A01011
DONEAR INDUSTRIES LIMITED,Textiles & Apparel,DONEAR,EQ,INE668D01028
,,DPL,EQ,INE477B01010
INDIA POWER CORPORATION LIMITED,Electrical Utilities & IPPs,DPSCLTD,EQ,INE360C01024
DQ ENTERTAINMENT (INTERNATIONAL) LIMITED,Media & Publishing,DQE,EQ,INE656K01010
DREDGING CORPORATION OF INDIA LIMITED,Transport Infrastructure,DREDGECORP,EQ,INE506A01018
DR.REDDY'S LABORATORIES LTD,Pharmaceuticals,DRREDDY,EQ,INE089A01023
D S KULKARNI DEVELOPERS LTD,Real Estate Operations,DSKULKARNI,EQ,INE891A01014
DHUNSERI TEA & INDUSTRIES LIMITED,Food & Tobacco,DTIL,EQ,INE341R01014
DWARIKESH SUGAR INDUSTRIES LIMITED,Food & Tobacco,DWARKESH,EQ,INE366A01033
DYNAMATIC TECHNOLOGIES LIMITED,Automobiles & Auto Parts,DYNAMATECH,EQ,INE221B01012
,,DYNATECH,EQ,INE741L01018
EASTERN SILK INDUSTRIES LIMITED,Textiles & Apparel,EASTSILK,EQ,INE962C01027
EASUN REYROLLE LIMITED,"Machinery, Equipment & Components",EASUNREYRL,EQ,INE268C01029
,,ECEIND,EQ,INE588B01014
,,ECLFINANCE,N1,INE804I07SG6
,,ECLFINANCE,N2,INE804I07SH4
,,ECLFINANCE,N3,INE804I07SI2
,,ECLFINANCE,N4,INE804I07SJ0
,,ECLFINANCE,N5,INE804I08601
,,ECLFINANCE,NB,INE804I07ZL1
EDELWEISS FINANCIAL SERVICES LIMITED,Investment Banking & Investment Services,EDELWEISS,EQ,INE532F01054
Edel SE & Co KgaA,Media & Publishing,EDL,EQ,INE180G01019
EDUCOMP SOLUTIONS LIMITED,Miscellaneous Educational Service Providers,EDUCOMP,EQ,INE216H01027
EICHER MOTORS LIMITED,Automobiles & Auto Parts,EICHERMOT,EQ,INE066A01013
EIH ASSOCIATED HOTELS LIMITED,Hotels & Entertainment Services,EIHAHOTELS,EQ,INE276C01014
EIMCO ELECON (INDIA ) LIMITED,Metals & Mining,EIMCOELECO,BE,INE158B01016
EVEREST KANTO CYLINDER LIMITED,"Machinery, Equipment & Components",EKC,EQ,INE184H01027
,,ELAND,EQ,INE311H01018
ELECON ENGINEERING COMPANY LIMITED,"Machinery, Equipment & Components",ELECON,EQ,INE205B01023
ELECTROSTEEL CASTINGS LTD,Metals & Mining,ELECTCAST,EQ,INE086A01029
ELECTROTHERM (INDIA) LIMITED,Metals & Mining,ELECTHERM,EQ,INE822G01016
ELGI RUBBER COMPANY LIMITED,Automobiles & Auto Parts,ELGIRUBCO,EQ,INE819L01012
,,EMAMIINFRA,EQ,INE778K01012
E & M COMPUTING LTD.,Software & IT Services,EMCO,EQ,INE078A01026
Emkay Global Financial Services Limited,Investment Banking & Investment Services,EMKAY,EQ,INE296H01011
EMMBI INDUSTRIES LIMITED,Containers & Packaging,EMMBI,EQ,INE753K01015
ENERGY DEVELOPMENT COMPANY LIMITED,Electrical Utilities & IPPs,ENERGYDEV,EQ,INE306C01019
ENTERTAINMENT NETWORK (INDIA) LIMITED,Media & Publishing,ENIL,EQ,INE265F01028
,,ENTEGRA,BE,INE826A01028
EON ELECTRIC LIMITED,"Machinery, Equipment & Components",EON,EQ,INE076H01025
EROS INTERNATIONAL MEDIA LIMITED,Media & Publishing,EROSMEDIA,EQ,INE416L01017
ESAB INDIA LIMITED,"Machinery, Equipment & Components",ESABINDIA,EQ,INE284A01012
Essilorluxottica SA,Healthcare Equipment & Supplies,ESL,EQ,INE481K01013
ESSAR SHIPPING LIMITED.,Freight & Logistics Services,ESSARSHPNG,EQ,INE122M01019
,,ESSDEE,EQ,INE825H01017
,,ESSELPACK,EQ,INE255A01020
ESTER INDUSTRIES LIMITED,Chemicals,ESTER,EQ,INE778B01029
EURO CERAMICS LIMITED,Homebuilding & Construction Supplies,EUROCERA,EQ,INE649H01011
EUROTEX INDUSTRIES AND EXPORTS LIMITED,Textiles & Apparel,EUROTEXIND,EQ,INE022C01012
EVEREADY INDUSTRIES INDIA LTD,"Machinery, Equipment & Components",EVEREADY,EQ,INE128A01029
EVEREST INDUSTRIES LIMITED,Homebuilding & Construction Supplies,EVERESTIND,EQ,INE295A01018
,,EVERONN,EQ,INE678H01010
EXCEL INDUSTRIES LIMITED,Chemicals,EXCEL,EQ,INE688J01015
,,EXCELCROP,EQ,INE223G01017
EXCEL INDUSTRIES LIMITED,Chemicals,EXCELINDUS,EQ,INE369A01029
,,FAGBEARING,EQ,INE513A01014
,,FARMAXIND,EQ,INE890I01035
"FUELCELL ENERGY, INC.",Renewable Energy,FCEL,EQ,INE220J01025
FINEOTEX CHEMICAL LIMITED,Chemicals,FCL,EQ,INE045J01026
FCS SOFTWARE SOLUTIONS LIMITED,Software & IT Services,FCSSOFT,EQ,INE512B01022
FDC LIMITED,Pharmaceuticals,FDC,EQ,INE258B01022
,,FEDDERLOYD,EQ,INE249C01011
FIEM INDUSTRIES LIMITED,Automobiles & Auto Parts,FIEMIND,EQ,INE737H01014
FILATEX INDIA LIMITED,Textiles & Apparel,FILATEX,EQ,INE816B01019
,,FINANTECH,EQ,INE111B01023
FINOLEX INDUSTRIES LIMITED,Homebuilding & Construction Supplies,FINPIPE,EQ,INE183A01016
FLEXITUFF VENTURES INTERNATIONAL LIMITED,Containers & Packaging,FLEXITUFF,EQ,INE060J01017
FUTURE LIFESTYLE FASHIONS LIMITED,Specialty Retailers,FLFL,EQ,INE452O01016
Federal-Mogul Goetze (India) Limited,Automobiles & Auto Parts,FMGOETZE,EQ,INE529A01010
Future Market Networks Limited,Real Estate Operations,FMNL,EQ,INE360L01017
FOSECO INDIA LIMITED,Chemicals,FOSECOIND,EQ,INE519A01011
,,FOURTHDIM,SM,INE382T01014
,,FRL,EQ,INE623B01027
,,FRLDVR,EQ,IN9623B01058
GUJARAT AMBUJA EXPORTS LIMITED,Food & Tobacco,GAEL,EQ,INE036B01022
,,GAL,EQ,INE482J01013
,,GALLISPAT,EQ,INE528K01011
,,GAMMNINFRA,EQ,INE181G01025
GAMMON INDIA LIMITED,Construction & Engineering,GAMMONIND,EQ,INE259B01020
GANDHI SPECIAL TUBES LIMITED,Metals & Mining,GANDHITUBE,EQ,INE524B01027
GANESHA ECOSPHERE LIMITED,Textiles & Apparel,GANECOS,EQ,INE845D01014
,,GANESHHOUC,EQ,INE460C01014
GANGOTRI TEXTILES LIMITED,Textiles & Apparel,GANGOTRI,EQ,INE670B01028
,,GARDENSILK,EQ,INE526A01016
,,GARWALLROP,EQ,INE276A01018
,,GATI,EQ,INE152B01027
GAYATRI PROJECTS LIMITED,Construction & Engineering,GAYAPROJ,EQ,INE336H01015
GATEWAY DISTRIPARKS LIMITED,Freight & Logistics Services,GDL,EQ,INE852F01015
GEECEE VENTURES LIMITED,Real Estate Operations,GEECEE,EQ,INE916G01016
,,GEINDSYS,BE,INE599B01011
,,GEMINI,EQ,INE878C01033
GENESYS INTERNATIONAL CORPORATION LIMITED,Software & IT Services,GENESYS,EQ,INE727B01026
GENUS PAPER & BOARDS LIMITED,Paper & Forest Products,GENUSPAPER,EQ,INE949P01018
GENUS POWER INFRASTRUCTURES LIMITED,"Machinery, Equipment & Components",GENUSPOWER,EQ,INE955D01029
,,GEOJITBNPP,EQ,INE007B01023
,,GEOMETRIC,EQ,INE797A01021
GHCL LIMITED,Chemicals,GHCL,EQ,INE539A01019
GIC HOUSING FINANCE LIMITED,Banking Services,GICHSGFIN,EQ,INE289B01019
GILLANDERS ARBUTHNOT & CO LTD,Textiles & Apparel,GILLANDERS,EQ,INE047B01011
GINNI FILAMENTS LIMITED.,Textiles & Apparel,GINNIFILA,EQ,INE424C01010
GUJARAT INDUSTRIES POWER COMPANY LTD.,Electrical Utilities & IPPs,GIPCL,EQ,INE162A01010
GIR NATUREVIEW RESORTS LIMITED,Hotels & Entertainment Services,GIRRESORTS,IT,INE316N01015
GITANJALI GEMS LTD,Holding Companies,GITANJALI,EQ,INE346H01014
GKW LTD,Real Estate Operations,GKWLIMITED,EQ,INE528A01020
GLOBAL VECTRA HELICORP LIMITED,Oil & Gas Related Equipment and Services,GLOBALVECT,EQ,INE792H01019
,,GLOBOFFS,EQ,INE446C01013
GLOBUS SPIRITS LIMITED,Beverages,GLOBUSSPR,EQ,INE615I01010
G M BREWERIES LIMITED,Beverages,GMBREW,EQ,INE075D01018
GUJARAT NARMADA VALLEY FERTILIZERS & CHEMICALS LIMITED,Chemicals,GNFC,EQ,INE113A01013
GOA CARBON LIMITED,Oil & Gas,GOACARBON,EQ,INE426D01013
GOCL CORPORATION LIMITED,Chemicals,GOCLCORP,EQ,INE077F01035
GOENKA DIAMOND AND JEWELS LIMITED,Textiles & Apparel,GOENKA,BZ,INE516K01024
GOKALDAS EXPORTS LIMITED,Textiles & Apparel,GOKEX,EQ,INE887G01027
GOKUL REFOILS AND SOLVENT LIMITED,Food & Tobacco,GOKUL,EQ,INE020J01029
GOKUL AGRO RESOURCES LIMITED,Food & Tobacco,GOKULAGRO,EQ,INE314T01025
,,GOLDBEES,EQ,INF732E01102
GOLDEN TOBACCO LIMITED,Food & Tobacco,GOLDENTOBC,EQ,INE973A01010
GOLDIAM INTERNATIONAL LIMITED,Textiles & Apparel,GOLDIAM,EQ,INE025B01017
,,GOLDSHARE,EQ,INF789F01059
GOODLUCK INDIA LIMITED,Metals & Mining,GOODLUCK,EQ,INE127I01024
GODAWARI POWER AND ISPAT LIMITED,Metals & Mining,GPIL,EQ,INE177H01013
GUJARAT PIPAVAV PORT LIMITED,Transport Infrastructure,GPPL,EQ,INE517F01014
GRASIM INDUSTRIES LTD,Construction Materials,GRASIM,EQ,INE047A01013
GREAVES COTTON LIMITED,"Machinery, Equipment & Components",GREAVESCOT,EQ,INE224A01026
GREENFIRE RESOURCES LTD.,Oil & Gas,GREENFIRE,EQ,INE217G01027
GREENLAM INDUSTRIES LIMITED,Paper & Forest Products,GREENLAM,EQ,INE544R01013
GREENPLY INDUSTRIES LTD,Paper & Forest Products,GREENPLY,EQ,INE461C01038
ORIENT GREEN POWER COMPANY LIMITED,Electrical Utilities & IPPs,GREENPOWER,EQ,INE999K01014
GRINDWELL NORTON LIMITED,"Machinery, Equipment & Components",GRINDWELL,EQ,INE536A01023
GRP LIMITED,Automobiles & Auto Parts,GRPLTD,EQ,INE137I01015
,,GRUH,EQ,INE580B01029
,,GSCLCEMENT,EQ,INE542A01039
GUJARAT STATE FERTILIZERS & CHEMICALS LIMITED,Chemicals,GSFC,EQ,INE026A01025
,,GSKCONS,EQ,INE264A01014
GSS INFOTECH LIMITED,Software & IT Services,GSS,EQ,INE871H01011
GTL LIMITED,Telecommunications Services,GTL,EQ,INE043A01012
GTL infrastructure ltd,Telecommunications Services,GTLINFRA,EQ,INE221H01019
,,GTNIND,EQ,INE537A01013
,,GTNTEX,EQ,INE302H01017
,,GTOFFSHORE,EQ,INE892H01017
GUFIC BIOSCIENCES LIMITED,Pharmaceuticals,GUFICBIO,EQ,INE742B01025
GUJARAT ALKALIES AND CHEMICALS LIMITED,Chemicals,GUJALKALI,EQ,INE186A01019
GUJARAT APOLLO INDUSTRIES LIMITED,Metals & Mining,GUJAPOLLO,EQ,INE826C01016
,,GUJFLUORO,EQ,INE538A01037
GUJARAT GAS LIMITED,Natural Gas Utilities,GUJGASLTD,EQ,INE844O01022
,,GUJNRECOKE,EQ,INE110D01013
GUJARAT NRE COKE LTD,Coal,GUJNREDVR,EQ,IN9110D01011
Gulf Oil Lubricants India Limited,Oil & Gas,GULFOILLUB,EQ,INE635Q01029
GP PETROLEUMS LIMITED,Oil & Gas,GULFPETRO,EQ,INE586G01017
GULSHAN POLYOLS LIMITED,Chemicals,GULPOLY,EQ,INE255D01016
GVK POWER & INFRASTRUCTURE LIMITED,Electrical Utilities & IPPs,GVKPIL,EQ,INE251H01024
"HANSUNG CLEANTECH CO., LTD.",Construction & Engineering,HANUNG,EQ,INE648H01013
,,HARITASEAT,EQ,INE939D01015
HARRISONS MALAYALAM LTD,Food & Tobacco,HARRMALAYA,EQ,INE544A01019
HATHWAY CABLE AND DATACOM LIMITED,Media & Publishing,HATHWAY,EQ,INE982F01036
HATSUN AGRO PRODUCT LIMITED,Food & Tobacco,HATSUN,EQ,INE473B01035
,,HBSTOCK,EQ,INE550B01014
HINDUSTAN CONSTRUCTION COMPANY LIMITED,Construction & Engineering,HCC,EQ,INE549A01026
HEALTHCARE GLOBAL ENTERPRISES LIMITED,Healthcare Providers & Services,HCG,EQ,INE075I01017
HCL INFOSYSTEMS LIMITED,Communications & Networking,HCL-INSYS,BL,INE236A01020
HCL INFOSYSTEMS LIMITED,Communications & Networking,HCL-INSYS,EQ,INE236A01020
,,HCPO36MSRG,MF,INF179K014I6
,,HDFC,EQ,INE001A01036
,,HDFC,W2,INE001A13031
HDFC BANK LIMITED,Banking Services,HDFCBANK,EQ,INE040A01026
,,HDFCMFGETF,EQ,INF179K01CN1
,,HDFCNIFETF,EQ,INF179KB1KP3
,,HDFCSENETF,EQ,INF179KB1KQ1
HOUSING DEVELOPMENT AND INFRASTRUCTURE LIMITED,Real Estate Operations,HDIL,EQ,INE191I01012
HEC INFRA PROJECTS Limited,Construction & Engineering,HECPROJECT,SM,INE558R01013
HEG LIMITED,"Machinery, Equipment & Components",HEG,EQ,INE545A01016
HeidelbergCement India Limited.,Construction Materials,HEIDELBERG,EQ,INE578A01017
HERCULES INVESTMENTS LIMITED,Investment Banking & Investment Services,HERCULES,EQ,INE688E01024
HERITAGE FOODS LIMITED,Food & Tobacco,HERITGFOOD,EQ,INE978A01019
HESTER BIOSCIENCES LIMITED,Pharmaceuticals,HESTERBIO,EQ,INE782E01017
HEXA TRADEX LIMITED,Diversified Industrial Goods Wholesale,HEXATRADEX,EQ,INE750M01017
HEXAWARE TECHNOLOGIES LIMITED,Software & IT Services,HEXAWARE,EQ,INE093A01033
HINDUJA GLOBAL SOLUTIONS LIMITED,Software & IT Services,HGS,EQ,INE170I01016
HIKAL LIMITED,Pharmaceuticals,HIKAL,EQ,INE475B01022
HERCULES INVESTMENTS LIMITED,Investment Banking & Investment Services,HIL,EQ,INE557A01011
HILTON METAL FORGING LIMITED,Metals & Mining,HILTON,EQ,INE788H01017
HIMATSINGKA SEIDE LIMITED.,Textiles & Apparel,HIMATSEIDE,EQ,INE049A01027
HINDUSTAN COMPOSITES LIMITED,Automobiles & Auto Parts,HINDCOMPOS,EQ,INE310C01011
,,HINDDORROL,EQ,INE551A01022
,,HINDMOTORS,EQ,INE253A01025
,,HINDNATGLS,EQ,INE952A01022
HINDUSTAN OIL EXPLORATION COMPANY LIMITED,Oil & Gas,HINDOILEXP,EQ,INE345A01011
,,HINDUJAFO,EQ,INE291F01016
,,HINDUJAVEN,EQ,INE353A01023
HIND RECTIFIERS LIMITED,"Machinery, Equipment & Components",HIRECT,EQ,INE835D01023
,,HITACHIHOM,EQ,INE782A01015
THE HI-TECH GEARS LIMITED,Automobiles & Auto Parts,HITECHGEAR,EQ,INE127B01011
,,HITECHPLAS,EQ,INE120D01012
H.M.T. LIMITED,"Machinery, Equipment & Components",HMT,EQ,INE262A01018
HINDUSTAN MEDIA VENTURES LIMITED,Media & Publishing,HMVL,EQ,INE871K01015
,,HOCL,EQ,INE048A01011
HONDA INDIA POWER PRODUCTS LIMITED,"Machinery, Equipment & Components",HONDAPOWER,EQ,INE634A01018
,,HOTELEELA,BL,INE102A01024
,,HOTELEELA,EQ,INE102A01024
,,HOVS,EQ,INE596H01014
,,HSIL,EQ,INE415A01038
HT MEDIA LIMITED,Media & Publishing,HTMEDIA,EQ,INE501G01024
HUBTOWN LIMITED,Real Estate Operations,HUBTOWN,EQ,INE703H01016
HOUSING AND URBAN DEVELOPMENT CORPORATION LIMITED,Banking Services,HUDCO,N2,INE031A07840
HOUSING AND URBAN DEVELOPMENT CORPORATION LIMITED,Banking Services,HUDCO,N3,INE031A07832
,,IBREALEST,EQ,INE069I01010
,,IBVENTURES,EQ,INE274G01010
,,IBWSL,EQ,INE126M01010
INDO COUNT INDUSTRIES LIMITED,Textiles & Apparel,ICIL,EQ,INE483B01018
,,ICNX100,EQ,INF109KA1962
ICRA LIMITED,Professional & Commercial Services,ICRA,EQ,INE725G01011
I.C.S.A. (INDIA) LIMITED,Construction & Engineering,ICSA,EQ,INE306B01029
,,IDBIGOLD,EQ,INF397L01554
,,IDFC,EQ,INE043D01016
,,IDFCBANK,N1,INE092T08CC6
,,IDFCBANK,N2,INE092T08CD4
,,IDFCBANK,N3,INE092T08CE2
,,IDFCBANK,N4,INE092T08CF9
,,IDFCBANK,N5,INE092T08CG7
,,IDFCBANK,N6,INE092T08CH5
IFB AGRO INDUSTRIES LTD.,Beverages,IFBAGRO,EQ,INE076C01018
IFB INDUSTRIES LTD,Household Goods,IFBIND,EQ,INE559A01017
IFCI LIMITED,Banking Services,IFCI,NC,INE039A07751
IFCI LIMITED,Banking Services,IFCI,NH,INE039A07801
IFCI LIMITED,Banking Services,IFCI,NK,INE039A07835
IFCI LIMITED,Banking Services,IFCI,NL,INE039A07843
,,IFGLREFRAC,EQ,INE023B01012
IGARASHI MOTORS INDIA LIMITED,Automobiles & Auto Parts,IGARASHI,EQ,INE188B01013
INDRAPRASTHA GAS LIMITED,Natural Gas Utilities,IGL,EQ,INE203G01019
,,IGOLD,EQ,INF109K01FV4
I G PETROCHEMICALS LIMITED,Chemicals,IGPL,EQ,INE204A01010
,,IIFLFIN,N4,INE866I07230
,,IIFLFIN,N5,INE866I08139
,,IIFLFIN,N6,INE866I08147
,,IIFLFIN,N8,INE866I07578
,,IIFLFIN,NA,INE866I07594
,,IIFLFIN,NB,INE866I07602
,,IIHFL,N1,INE477L07040
,,IIHFL,N2,INE477L08014
,,IIHFL,N3,INE477L08022
INDUSTRIAL INVESTMENT TRUST LIMITED,Investment Banking & Investment Services,IITL,EQ,INE886A01014
IL&FS Engineering and Construction Company Limited,Construction & Engineering,IL&FSENGG,EQ,INE369I01014
IL&FS TRANSPORTATION NETWORKS LIMITED,Construction & Engineering,IL&FSTRANS,EQ,INE975G01012
INDIAN METALS AND FERRO ALLOYS LTD.,Metals & Mining,IMFA,EQ,INE919H01018
INDIA MOTOR PARTS & ACCESSORIES LIMITED,Automobiles & Auto Parts,IMPAL,EQ,INE547E01014
IMPEX FERRO TECH LTD,Metals & Mining,IMPEXFERRO,EQ,INE691G01015
INDBANK MERCHANT BANKING SERVICES LIMITED,Investment Banking & Investment Services,INDBANK,EQ,INE841B01017
INDIA GLYCOLS LIMITED,Chemicals,INDIAGLYCO,EQ,INE560A01015
THE INDIAN CARD CLOTHING COMPANY LIMITED,"Machinery, Equipment & Components",INDIANCARD,EQ,INE061A01014
THE INDIAN HUME PIPE COMPANY LIMITED,Construction & Engineering,INDIANHUME,EQ,INE323C01030
IMP POWERS LIMITED,"Machinery, Equipment & Components",INDLMETER,EQ,INE065B01013
INDIA NIPPON ELECTRICALS LIMITED,Automobiles & Auto Parts,INDNIPPON,EQ,INE092B01017
INDOCO REMEDIES LIMITED,Pharmaceuticals,INDOCO,EQ,INE873D01024
INDO RAMA SYNTHETICS (INDIA) LIMITED,Textiles & Apparel,INDORAMA,EQ,INE156A01020
INDOSOLAR LIMITED,Renewable Energy,INDOSOLAR,EQ,INE866K01015
INDO-TECH TRANSFORMERS LIMITED,"Machinery, Equipment & Components",INDOTECH,EQ,INE332H01014
INDO THAI SECURITIES LIMITED,Investment Banking & Investment Services,INDOTHAI,EQ,INE337M01013
INDOWIND ENERGY LIMITED,Electrical Utilities & IPPs,INDOWIND,BE,INE227G01018
INDRAPRASTHA MEDICAL CORPORATION LIMITED,Healthcare Providers & Services,INDRAMEDCO,EQ,INE681B01017
IND SWIFT LABORATORIES LIMITED,Pharmaceuticals,INDSWFTLAB,EQ,INE915B01019
,,INDSWFTLTD,BE,INE788B01028
Indian Terrain Fashions Limited,Textiles & Apparel,INDTERRAIN,EQ,INE611L01021
,,INFINITE,EQ,INE486J01014
Infomedia Press Limited,Holding Companies,INFOMEDIA,EQ,INE669A01022
,,INFRABEES,EQ,INF732E01268
INGERSOLL-RAND (INDIA) LIMITED,"Machinery, Equipment & Components",INGERRAND,EQ,INE177A01018
,,INIFTY,EQ,INF109K012R6
,,INOXLEISUR,EQ,INE312H01016
INSECTICIDES (INDIA) LIMITED,Chemicals,INSECTICID,EQ,INE070I01018
INTEGRA ENGINEERING INDIA LIMITED,Professional & Commercial Services,INTEGRA,EQ,INE418N01027
INVENTURE GROWTH AND SECURITIES LIMITED,Investment Banking & Investment Services,INVENTURE,EQ,INE878H01016
IOL CHEMICALS AND PHARMACEUTICALS LIMITED,Pharmaceuticals,IOLCP,EQ,INE485C01011
,,IPAPPM,EQ,INE435A01028
IPCA LABORATORIES LIMITED,Pharmaceuticals,IPCALAB,EQ,INE571A01020
IRB INFRASTRUCTURE DEVELOPERS LIMITED,Construction & Engineering,IRB,EQ,INE821I01014
INDIAN RAILWAY FINANCE CORPORATION LIMITED,Banking Services,IRFC,N2,INE053F07538
INDIAN RAILWAY FINANCE CORPORATION LIMITED,Banking Services,IRFC,N4,INE053F07579
INDIAN RAILWAY FINANCE CORPORATION LIMITED,Banking Services,IRFC,N9,INE053F07678
INDIAN RAILWAY FINANCE CORPORATION LIMITED,Banking Services,IRFC,NE,INE053F07744
INDIAN RAILWAY FINANCE CORPORATION LIMITED,Banking Services,IRFC,NI,INE053F07827
INDIAN RAILWAY FINANCE CORPORATION LIMITED,Banking Services,IRFC,NJ,INE053F07835
INDIAN RAILWAY FINANCE CORPORATION LIMITED,Banking Services,IRFC,NK,INE053F07843
INDIAN RAILWAY FINANCE CORPORATION LIMITED,Banking Services,IRFC,NN,INE053F07892
INDIAN RAILWAY FINANCE CORPORATION LIMITED,Banking Services,IRFC,NO,INE053F07900
INTRASOFT TECHNOLOGIES LIMITED,Software & IT Services,ISFT,EQ,INE566K01011
,,ISMTLTD,EQ,INE732F01019
IL & FS INVESTMENT MANAGERS LIMITED,Investment Banking & Investment Services,IVC,EQ,INE050B01023
IVP LTD,Chemicals,IVP,EQ,INE043C01018
IVRCL LIMITED,Real Estate Operations,IVRCLINFRA,EQ,INE875A01025
IZMO Limited,Software & IT Services,IZMO,EQ,INE848A01014
JAGRAN PRAKASHAN LIMITED,Media & Publishing,JAGRAN,EQ,INE199G01027
JAGSONPAL PHARMACEUTICALS LIMITED.,Pharmaceuticals,JAGSNPHARM,EQ,INE048B01027
JAI BALAJI INDUSTRIES LIMITED,Metals & Mining,JAIBALAJI,EQ,INE091G01018
JAI CORP LIMITED,Containers & Packaging,JAICORPLTD,EQ,INE070D01027
,,JAIHINDPRO,EQ,INE343D01010
JAIN STUDIOS LIMITED,Media & Publishing,JAINSTUDIO,BE,INE486B01011
JAMNA AUTO INDUSTRIES LIMITED,Automobiles & Auto Parts,JAMNAAUTO,EQ,INE039C01024
JAYANT AGRO-ORGANICS LIMITED,Food & Tobacco,JAYAGROGN,EQ,INE785A01026
JAY BHARAT MARUTI LIMITED,Automobiles & Auto Parts,JAYBARMARU,EQ,INE571B01028
JAYASWAL NECO INDUSTRIES LIMITED,Metals & Mining,JAYNECOIND,EQ,INE854B01010
JAY SHREE TEA AND INDUSTRIES LIMITED,Food & Tobacco,JAYSREETEA,EQ,INE364A01020
J B CHEMICALS AND PHARMACEUTICALS LIMITED,Pharmaceuticals,JBCHEPHARM,EQ,INE572A01028
JBF INDUSTRIES LIMITED,Textiles & Apparel,JBFIND,EQ,INE187A01017
JBM AUTO LIMITED,Automobiles & Auto Parts,JBMA,EQ,INE927D01028
,,JCTEL,EQ,INE264B01020
,,JENSONICOL,EQ,INE819B01021
JET AIRWAYS (INDIA) LIMITED,Passenger Transportation Services,JETAIRWAYS,EQ,INE802G01018
JHS SVENDGAARD LABORATORIES LIMITED,Personal & Household Products & Services,JHS,EQ,INE544H01014
,,JIKIND,EQ,INE026B01049
JINDAL PHOTO LIMITED,Investment Banking & Investment Services,JINDALPHOT,EQ,INE796G01012
JINDAL POLY FILMS LIMITED,Containers & Packaging,JINDALPOLY,EQ,INE197D01010
JINDAL SAW LIMITED,Metals & Mining,JINDALSAW,EQ,INE324A01024
,,JINDCOT,EQ,INE904J01016
JINDAL DRILLING AND INDUSTRIES LIMITED,Oil & Gas Related Equipment and Services,JINDRILL,EQ,INE742C01031
JINDAL WORLDWIDE LIMITED,Textiles & Apparel,JINDWORLD,EQ,INE247D01013
JAIN IRRIGATION SYSTEMS LIMITED,"Machinery, Equipment & Components",JISLDVREQS,EQ,IN9175A01010
JAIN IRRIGATION SYSTEMS LIMITED,"Machinery, Equipment & Components",JISLJALEQS,EQ,INE175A01038
J. KUMAR INFRAPROJECTS LIMITED,Construction & Engineering,JKIL,EQ,INE576I01022
JK LAKSHMI CEMENT LIMITED,Construction Materials,JKLAKSHMI,EQ,INE786A01032
JK PAPER LIMITED,Paper & Forest Products,JKPAPER,EQ,INE789E01012
JULLUNDUR MOTOR AGENCY (DELHI) LIMITED,Automobiles & Auto Parts,JMA,EQ,INE412C01015
,,JMCPROJECT,EQ,INE890A01016
,,JMTAUTOLTD,EQ,INE988E01028
JOCIL LIMITED,Chemicals,JOCIL,EQ,INE839G01010
JAIPRAKASH ASSOCIATES LIMITED,Consumer Goods Conglomerates,JPASSOCIAT,EQ,INE455F01025
,,JPINFRATEC,EQ,INE099J01015
JINDAL POLY INVESTMENT AND FINANCE COMPANY LIMITED,Investment Banking & Investment Services,JPOLYINVST,EQ,INE147P01019
,,JSLHISAR,EQ,INE455T01018
JSW HOLDINGS LIMITED,Investment Banking & Investment Services,JSWHL,EQ,INE824G01012
JSW STEEL LIMITED,Metals & Mining,JSWSTEEL,EQ,INE019A01020
JSW STEEL LIMITED,Metals & Mining,JSWSTEEL,P2,INE019A04024
Jubilant FoodWorks Limited,Hotels & Entertainment Services,JUBLFOOD,EQ,INE797F01012
,,JUBLINDS,EQ,INE645L01011
,,JUNIORBEES,EQ,INF732E01045
JUST DIAL LIMITED,Software & IT Services,JUSTDIAL,EQ,INE599M01018
,,JVLAGRO,EQ,INE430G01026
JYOTHY LABS LIMITED,Personal & Household Products & Services,JYOTHYLAB,EQ,INE668F01031
JYOTI STRUCTURES LIMITED,Construction & Engineering,JYOTISTRUC,EQ,INE197A01024
KABRA EXTRUSION TECHNIK LTD,"Machinery, Equipment & Components",KABRAEXTRU,EQ,INE900B01029
KAJARIA CERAMICS LIMITED,Homebuilding & Construction Supplies,KAJARIACER,EQ,INE217B01028
KAKATIYA CEMENT SUGAR AND INDUSTRIES LIMITED,Construction Materials,KAKATCEM,EQ,INE437B01014
,,KALINDEE,EQ,INE178D01010
KALYANI FORGE LIMITED,Metals & Mining,KALYANIFRG,BE,INE314G01014
KAMAT HOTELS (INDIA) LTD,Hotels & Entertainment Services,KAMATHOTEL,EQ,INE967C01018
KAMDHENU LIMITED,Metals & Mining,KAMDHENU,EQ,INE390H01012
KANANI INDUSTRIES LIMITED,Textiles & Apparel,KANANIIND,EQ,INE879E01037
KANORIA CHEMICALS & INDUSTRIES LTD,Chemicals,KANORICHEM,EQ,INE138C01024
KANSAI NEROLAC PAINTS LIMITED,Chemicals,KANSAINER,EQ,INE531A01024
KARMA ENERGY LIMITED,Electrical Utilities & IPPs,KARMAENG,EQ,INE725L01011
THE KARUR VYSYA BANK LIMITED,Banking Services,KARURVYSYA,EQ,INE036D01010
KAUSHALYA INFRASTRUCTURE DEVELOPMENT CORPORATION LTD,Construction & Engineering,KAUSHALYA,EQ,INE234I01010
,,KAVVERITEL,EQ,INE641C01019
KAYA LIMITED,Personal & Household Products & Services,KAYA,EQ,INE587G01015
THE K C P LIMITED,Construction Materials,KCP,EQ,INE805C01028
K.C.P.SUGAR AND INDUSTRIES CORPORATION LIMITED,Food & Tobacco,KCPSUGIND,EQ,INE790B01024
KIRLOSKAR ELECTRIC COMPANY LIMITED,"Machinery, Equipment & Components",KECL,EQ,INE134B01017
KELLTON TECH SOLUTIONS LIMITED,Software & IT Services,KELLTONTEC,EQ,INE164B01022
,,KEMROCK,EQ,INE990B01012
KERNEX MICROSYSTEMS (INDIA)LIMITED,Electronic Equipment & Parts,KERNEX,BE,INE202H01019
,,KESARENT,EQ,INE133B01019
KESORAM INDUSTRIES LTD,Chemicals,KESORAMIND,EQ,INE087A01019
Karuturi Global Limited,Food & Tobacco,KGL,EQ,INE299C01024
,,KHAITANELE,EQ,INE761A01019
KALYANI INVESTMENT COMPANY LIMITED,Investment Banking & Investment Services,KICL,EQ,INE029L01018
KILITCH DRUGS (INDIA) LIMITED.,Pharmaceuticals,KILITCH,EQ,INE729D01010
KIRI INDUSTRIES LIMITED,Chemicals,KIRIINDUS,EQ,INE415I01015
KIRLOSKAR BROTHERS LIMITED,"Machinery, Equipment & Components",KIRLOSBROS,EQ,INE732A01036
KIRLOSKAR INDUSTRIES LIMITED,Metals & Mining,KIRLOSIND,EQ,INE250A01039
KITEX GARMENTS LIMITED,Textiles & Apparel,KITEX,EQ,INE602G01020
KEWAL KIRAN CLOTHING LIMITED,Textiles & Apparel,KKCL,EQ,INE401H01017
K M SUGAR MILLS LIMITED,Food & Tobacco,KMSUGAR,EQ,INE157H01023
KNR CONSTRUCTIONS LIMITED,Construction & Engineering,KNRCON,EQ,INE634I01011
KOHINOOR FOODS LIMITED.,Food & Tobacco,KOHINOOR,EQ,INE080B01012
KOKUYO CAMLIN LIMITED,Professional & Commercial Services,KOKUYOCMLN,EQ,INE760A01029
KOLTE-PATIL DEVELOPERS LIMITED,Real Estate Operations,KOLTEPATIL,EQ,INE094I01018
KOPRAN LIMITED,Pharmaceuticals,KOPRAN,EQ,INE082A01010
KOTAK MAHINDRA BANK LIMITED,Banking Services,KOTAKBANK,EQ,INE237A01028
,,KOTAKBKETF,EQ,INF174K01F59
,,KOTAKGOLD,EQ,INF373I01049
,,KOTAKNIFTY,EQ,INF174K01518
,,KOTAKNV20,EQ,INF174K01Z71
,,KOTAKPSUBK,EQ,INF373I01023
KOTHARI SUGARS AND CHEMICALS LIMITED,Food & Tobacco,KOTARISUG,EQ,INE419A01022
KOTHARI PETROCHEMICALS LIMITED.,Chemicals,KOTHARIPET,EQ,INE720A01015
KOTHARI PRODUCTS LIMITED.,Diversified Industrial Goods Wholesale,KOTHARIPRO,EQ,INE823A01017
K.P.R. MILL LIMITED,Textiles & Apparel,KPRMILL,EQ,INE930H01015
KRBL LIMITED,Food & Tobacco,KRBL,EQ,INE001B01026
KRIDHAN INFRA LIMITED,Metals & Mining,KRIDHANINF,EQ,INE524L01026
,,KSBPUMPS,EQ,INE999A01015
KAVERI SEED COMPANY LTD.,Food & Tobacco,KSCL,EQ,INE455I01029
KSS LIMITED,Media & Publishing,KSERASERA,EQ,INE216D01026
KSK ENERGY VENTURES LIMITED,Electrical Utilities & IPPs,KSK,EQ,INE143H01015
KALYANI STEELS LTD,Metals & Mining,KSL,EQ,INE907A01026
,,KTIL,EQ,INE096L01017
THE KARNATAKA BANK LIMITED,Banking Services,KTKBANK,EQ,INE614B01018
KWALITY WALL'S (INDIA) LIMITED,Food & Tobacco,KWALITY,EQ,INE775B01025
,,L&TFINANCE,N3,INE523E07442
,,L&TFINANCE,N4,INE523E07459
,,L&TINFRA,N1,INE691I07166
,,L&TINFRA,N2,INE691I07174
,,L&TINFRA,N3,INE691I07182
,,L&TINFRA,N4,INE691I07190
,,L&TINFRA,N5,INE691I07224
,,L&TINFRA,N6,INE691I07232
LAKSHMI PRECISION SCREWS LIMITED,"Machinery, Equipment & Components",LAKPRE,EQ,INE651C01018
LAKSHMI ENERGY AND FOODS LIMITED,Food & Tobacco,LAKSHMIEFL,EQ,INE992B01026
,,LAKSHVILAS,EQ,INE694C01018
LAMBODHARA TEXTILES LIMITED,Textiles & Apparel,LAMBODHARA,EQ,INE112F01022
LA OPALA RG LIMITED,Household Goods,LAOPALA,EQ,INE059D01020
,,LAXMIMACH,EQ,INE269B01029
L C C INFOTECH LIMITED,Software & IT Services,LCCINFOTEC,EQ,INE938A01021
L G BALAKRISHNAN & BROS LIMITED,"Machinery, Equipment & Components",LGBBROSLTD,EQ,INE337A01034
,,LGBFORGE,EQ,INE201J01017
LIBERTY SHOES LIMITED,Textiles & Apparel,LIBERTSHOE,EQ,INE557B01019
,,LICNETFGSC,EQ,INF767K01MV5
,,LICNETFN50,EQ,INF767K01OS7
LINCOLN PHARMACEUTICALS LTD,Pharmaceuticals,LINCOLN,EQ,INE405C01035
,,LINCPEN,EQ,INE802B01019
,,LIQUIDBEES,EQ,INF732E01037
,,LITL,EQ,INE785C01048
,,LLOYDELENG,EQ,INE245C01019
LINCOLN MINERALS LIMITED,Metals & Mining,LML,EQ,INE862A01015
LOKESH MACHINES LTD,"Machinery, Equipment & Components",LOKESHMACH,EQ,INE397H01017
Lotus Eye Hospital and Institute Limited,Healthcare Providers & Services,LOTUSEYE,EQ,INE947I01017
LOVABLE LINGERIE LIMITED,Textiles & Apparel,LOVABLE,EQ,INE597L01014
LANDMARK PROPERTY DEVELOPMENT COMPANY LIMITED,Construction & Engineering,LPDC,EQ,INE197J01017
,,LUMAXAUTO,EQ,INE547G01019
LUMAX INDUSTRIES LIMITED,Automobiles & Auto Parts,LUMAXIND,EQ,INE162B01018
LUMAX AUTO TECHNOLOGIES LIMITED,Automobiles & Auto Parts,LUMAXTECH,EQ,INE872H01019
LUX INDUSTRIES LIMITED,Textiles & Apparel,LUXIND,EQ,INE150G01012
Lycos Energy Inc,Oil & Gas,LYCOS,EQ,INE425B01027
LYKA LABS LIMITED,Pharmaceuticals,LYKALABS,EQ,INE933A01014
LYPSA GEMS & JEWELLERY LIMITED,Textiles & Apparel,LYPSAGEMS,EQ,INE142K01011
,,M100,EQ,INF247L01023
,,M50,EQ,INF247L01536
MAAN ALUMINIUM LIMITED,Metals & Mining,MAANALU,EQ,INE215I01019
MADHAV MARBLES AND GRANITES LIMITED,Homebuilding & Construction Supplies,MADHAV,EQ,INE925C01016
MADHUCON PROJECTS LIMITED,Construction & Engineering,MADHUCON,EQ,INE378D01032
MADRAS FERTILIZERS LIMITED,Chemicals,MADRASFERT,EQ,INE414A01015
Magnum Ventures Limited.,Paper & Forest Products,MAGNUM,EQ,INE387I01016
,,MAHINDCIE,EQ,INE536H01010
MAHINDRA LIFESPACE DEVELOPERS LIMITED,Real Estate Operations,MAHLIFE,EQ,INE813A01018
MAHARASHTRA SCOOTERS LTD,Holding Companies,MAHSCOOTER,EQ,INE288A01013
MAHARASHTRA SEAMLESS LIMITED,Metals & Mining,MAHSEAMLES,EQ,INE271B01025
MAITHAN ALLOYS LTD.,Metals & Mining,MAITHANALL,EQ,INE683C01011
,,MAJESCO,EQ,INE898S01029
MALU PAPER MILLS LIMITED,Paper & Forest Products,MALUPAPER,EQ,INE383H01017
MANAKSIA ALUMINIUM COMPANY LIMITED,Metals & Mining,MANAKALUCO,EQ,INE859Q01017
MANAKSIA COATED METALS & INDUSTRIES LIMITED,Metals & Mining,MANAKCOAT,EQ,INE830Q01018
,,MANAKINDST,EQ,INE831Q01016
MANAKSIA LIMITED,Metals & Mining,MANAKSIA,EQ,INE015D01022
MANAKSIA STEELS LIMITED,Metals & Mining,MANAKSTEEL,EQ,INE824Q01011
Manali Petrochemicals Limited,Chemicals,MANALIPETC,EQ,INE201A01024
,,MANDHANA,EQ,INE087J01010
MANGALAM DRUGS AND ORGANICS LIMITED,Pharmaceuticals,MANGALAM,EQ,INE584F01014
,,MANGCHEFER,EQ,INE558B01017
MANGALAM CEMENT LTD,Construction Materials,MANGLMCEM,EQ,INE347A01017
,,MANGTIMBER,EQ,INE805B01012
MAN INDUSTRIES (INDIA) LIMITED,Metals & Mining,MANINDS,EQ,INE993A01026
MAN INFRACONSTRUCTION LIMITED,Construction & Engineering,MANINFRA,EQ,INE949H01023
,,MANPASAND,EQ,INE122R01018
MANUGRAPH INDIA LIMITED,"Machinery, Equipment & Components",MANUGRAPH,EQ,INE867A01022
MARAL OVERSEAS LIMITED,Textiles & Apparel,MARALOVER,EQ,INE882A01013
MARKSANS PHARMA LIMITED,Pharmaceuticals,MARKSANS,EQ,INE750C01026
MASTEK LIMITED,Software & IT Services,MASTEK,EQ,INE759A01021
Mawana Sugars Limited,Food & Tobacco,MAWANASUG,EQ,INE636A01039
"Suzhou Maxwell Technologies Co., Ltd.","Machinery, Equipment & Components",MAXWELL,EQ,INE450G01024
MAYUR UNIQUOTERS LIMITED,Textiles & Apparel,MAYURUNIQ,EQ,INE040D01038
McNALLY BHARAT ENGG CO LTD,Construction & Engineering,MBECL,EQ,INE748A01016
MBL INFRASTRUCTURE LIMITED,Construction & Engineering,MBLINFRA,EQ,INE912H01013
MCDOWELL HOLDINGS LIMITED,Holding Companies,MCDHOLDING,EQ,INE836H01014
,,MCDOWELL-N,EQ,INE854D01016
MCLEOD RUSSEL INDIA LIMITED,Food & Tobacco,MCLEODRUSS,EQ,INE942G01012
MULTI COMMODITY EXCHANGE OF INDIA LIMITED,Investment Banking & Investment Services,MCX,EQ,INE745G01035
,,MEGASOFT,EQ,INE933B01012
MEGHMANI ORGANICS LIMITED,Chemicals,MEGH,EQ,INE974H01013
MELSTAR INFORMATION TECHNOLOGIES LIMITED,Software & IT Services,MELSTAR,EQ,INE817A01019
MENON BEARINGS LIMITED,Automobiles & Auto Parts,MENONBE,EQ,INE071D01033
MEP INFRASTRUCTURE DEVELOPERS Limited,Transport Infrastructure,MEP,EQ,INE776I01010
Mercator Limited,Coal,MERCATOR,EQ,INE934B01028
,,MERCK,EQ,INE199A01012
,,METALFORGE,EQ,INE425A01011
METKORE ALLOYS & INDUSTRIES LIMITED,Metals & Mining,METKORE,EQ,INE592I01029
MAHINDRA HOLIDAYS & RESORTS INDIA LIMITED,Hotels & Entertainment Services,MHRIL,EQ,INE998I01010
,,MIC,EQ,INE287C01029
,,MICROSEC,EQ,INE019J01013
,,MINDAIND,EQ,INE405E01015
"Windtree Therapeutics, Inc.",Biotechnology & Medical Research,MINDTREE,EQ,INE018I01017
MIRC ELECTRONICS LIMITED,"Computers, Phones & Household Electronics",MIRCELECTR,EQ,INE831A01028
MIRZA INTERNATIONAL LIMITED,Textiles & Apparel,MIRZAINT,EQ,INE771A01026
MM FORGINGS LIMITED,Metals & Mining,MMFL,EQ,INE227C01017
MOHIT INDUSTRIES LIMITED,Textiles & Apparel,MOHITIND,BE,INE954E01012
MOIL LIMITED,Metals & Mining,MOIL,EQ,INE490G01020
Mold-Tek Packaging Limited,Containers & Packaging,MOLDTKPAC,EQ,INE893J01029
,,MOMAI,SM,INE133R01015
,,MONNETISPA,EQ,INE743C01013
,,MONSANTO,EQ,INE274B01011
MONTE CARLO FASHIONS LIMITED,Textiles & Apparel,MONTECARLO,EQ,INE950M01013
MORARJEE TEXTILES LIMITED,Textiles & Apparel,MORARJEE,EQ,INE161G01027
MOREPEN LABORATORIES LIMITED,Pharmaceuticals,MOREPENLAB,EQ,INE083A01026
,,MOSERBAER,EQ,INE739A01015
MPS LIMITED,Media & Publishing,MPSLTD,EQ,INE943D01017
MELROSE INDUSTRIES PLC,Aerospace & Defense,MRO-TEK,EQ,INE398B01018
MSP STEEL & POWER LIMITED,Metals & Mining,MSPL,EQ,INE752G01015
MT EDUCARE LTD,Miscellaneous Educational Service Providers,MTEDUCARE,EQ,INE472M01018
MAHANAGAR TELEPHONE NIGAM LIMITED,Telecommunications Services,MTNL,EQ,INE153A01019
,,MUKANDENGG,EQ,INE022B01014
MUKAND LIMITED,Metals & Mining,MUKANDLTD,EQ,INE304A01026
MUKAND LIMITED,Metals & Mining,MUKANDLTD,P1,INE304A04012
MUKTA ARTS LIMITED,Media & Publishing,MUKTAARTS,EQ,INE374B01019
MUNJAL AUTO INDUSTRIES LIMITED,Automobiles & Auto Parts,MUNJALAU,EQ,INE672B01032
MUNJAL SHOWA LIMITED,Automobiles & Auto Parts,MUNJALSHOW,EQ,INE577A01027
MURUDESHWAR CERAMICS LIMITED,Homebuilding & Construction Supplies,MURUDCERA,EQ,INE692B01014
MUTHOOT CAPITAL SERVICES LIMITED,Banking Services,MUTHOOTCAP,EQ,INE296G01013
MUTHOOT FINANCE LIMITED,Banking Services,MUTHOOTFIN,N6,INE414G07100
MUTHOOT FINANCE LIMITED,Banking Services,MUTHOOTFIN,NA,INE414G07233
MARVEL GOLD LIMITED,Metals & Mining,MVL,EQ,INE744I01034
,,MYSOREBANK,EQ,INE651A01020
,,N100,EQ,INF247L01031
,,NAGAROIL,EQ,INE453M01018
NAGREEKA CAPITAL & INFRASTRUCTURE LIMITED,Investment Banking & Investment Services,NAGREEKCAP,EQ,INE245I01016
NAGREEKA EXPORTS LTD.,Textiles & Apparel,NAGREEKEXP,EQ,INE123B01028
NAHAR CAPITAL AND FINANCIAL SERVICES LIMITED,Banking Services,NAHARCAP,EQ,INE049I01012
NAHAR INDUSTRIAL ENTERPRISES LIMITED,Textiles & Apparel,NAHARINDUS,EQ,INE289A01011
NAHAR POLY FILMS LIMITED,Containers & Packaging,NAHARPOLY,EQ,INE308A01027
NAHAR SPINNING MILLS LTD,Textiles & Apparel,NAHARSPING,EQ,INE290A01027
NAKODA LIMITED,Textiles & Apparel,NAKODA,EQ,INE559B01023
NATH BIO-GENES (INDIA) LIMITED,Food & Tobacco,NATHBIOGEN,EQ,INE448G01010
,,NATNLSTEEL,BE,INE088B01015
INFO EDGE (INDIA) LIMITED,Software & IT Services,NAUKRI,EQ,INE663F01024
NAVIN FLUORINE INTERNATIONAL LIMITED,Chemicals,NAVINFLUOR,EQ,INE048G01018
NAVKAR CORPORATION LIMITED,Freight & Logistics Services,NAVKARCORP,EQ,INE278M01019
NAVNEET EDUCATION LIMITED,Media & Publishing,NAVNETEDUL,EQ,INE060A01024
NBCC (INDIA) LIMITED,Construction & Engineering,NBCC,EQ,INE095N01015
,,NBVENTURES,EQ,INE725A01022
NCL INDUSTRIES LTD,Construction Materials,NCLIND,EQ,INE732C01016
NANDAN DENIM LIMITED,Textiles & Apparel,NDL,EQ,INE875G01030
NEW DELHI TELEVISION LIMITED,Media & Publishing,NDTV,EQ,INE155G01029
NORTH EASTERN CARRYING CORPORATION LIMITED,Freight & Logistics Services,NECCLTD,EQ,INE553C01016
NECTAR LIFE SCIENCES LIMITED,Pharmaceuticals,NECLIFE,EQ,INE023H01027
NELCAST LIMITED,Metals & Mining,NELCAST,EQ,INE189I01024
NELCO LIMITED,Communications & Networking,NELCO,EQ,INE045B01015
,,NEPCMICON,BE,INE588A01016
NESCO LIMITED,Real Estate Operations,NESCO,EQ,INE317F01027
NESTLE INDIA LIMITED,Food & Tobacco,NESTLEIND,EQ,INE239A01016
"CLOUDFLARE, INC.",Software & IT Services,NET4,EQ,INE553E01012
NETWORK18 MEDIA & INVESTMENTS LIMITED,Media & Publishing,NETWORK18,EQ,INE870H01013
NEXT MEDIAWORKS LIMITED,Media & Publishing,NEXTMEDIA,EQ,INE747B01016
NATIONAL FERTILIZERS LIMITED,Chemicals,NFL,EQ,INE870D01012
,,NGCT,EQ,INE970N01019
,,NHAI,N1,INE906B07CA1
,,NHAI,N2,INE906B07CB9
,,NHAI,N4,INE906B07DD3
,,NHAI,N6,INE906B07DF8
,,NHAI,N8,INE906B07EH2
,,NHAI,NA,INE906B07EJ8
,,NHAI,NE,INE906B07EP5
,,NHBTF2014,N6,INE557F07132
,,NHBTF2023,N6,INE557F07181
NRB INDUSTRIAL BEARINGS LIMITED,"Machinery, Equipment & Components",NIBL,EQ,INE047O01014
NICCO CORPORATION LTD,"Machinery, Equipment & Components",NICCO,BE,INE241C01026
,,NIFTYBEES,EQ,INF732E01011
,,NIFTYEES,EQ,INF754K01EK3
NIIT LIMITED,Professional & Commercial Services,NIITLTD,EQ,INE161A01038
,,NIITTECH,EQ,INE591G01017
NILA INFRASTRUCTURES LIMITED,Real Estate Operations,NILAINFRA,EQ,INE937C01029
NILKAMAL LIMITED,Chemicals,NILKAMAL,EQ,INE310A01015
INDO- NATIONAL LIMITED,"Machinery, Equipment & Components",NIPPOBATRY,EQ,INE567A01010
,,NIRVIKARA,EQ,INE875R01011
NITCO LIMITED,Homebuilding & Construction Supplies,NITCO,EQ,INE858F01012
,,NITESHEST,EQ,INE639K01016
NITIN FIRE PROTECTION INDUSTRIES LIMITED,Professional & Commercial Services,NITINFIRE,EQ,INE489H01020
NITIN SPINNERS LIMITED,Textiles & Apparel,NITINSPIN,EQ,INE229H01012
NOCIL LIMITED,Chemicals,NOCIL,EQ,INE163A01018
NOIDA TOLL BRIDGE COMPANY LIMITED,Transport Infrastructure,NOIDATOLL,EQ,INE781B01015
NORBEN TEA & EXPORTS LTD,Food & Tobacco,NORBTEAEXP,EQ,INE369C01017
NRB BEARINGS LIMITED,"Machinery, Equipment & Components",NRBBEARING,EQ,INE349A01021
NALWA SONS INVESTMENTS LIMITED TFR.FROM HARYANA TO DELHI,Banking Services,NSIL,EQ,INE023A01030
NTPC LIMITED,Electrical Utilities & IPPs,NTPC,N4,INE733E07JH3
NTPC LIMITED,Electrical Utilities & IPPs,NTPC,N5,INE733E07JI1
NTPC LIMITED,Electrical Utilities & IPPs,NTPC,N6,INE733E07JJ9
NTPC LIMITED,Electrical Utilities & IPPs,NTPC,N7,INE733E07JP6
NTPC LIMITED,Electrical Utilities & IPPs,NTPC,NA,INE733E07JT8
NTPC LIMITED,Electrical Utilities & IPPs,NTPC,NB,INE733E07JU6
NUCLEUS SOFTWARE EXPORTS LIMITED,Software & IT Services,NUCLEUS,EQ,INE096B01018
NU TEK INDIA LIMITED,Telecommunications Services,NUTEK,EQ,INE318J01027
OCCL LIMITED,Chemicals,OCCL,EQ,INE321D01016
OBJECTIVE CORPORATION LIMITED,Software & IT Services,OCL,EQ,INE290B01025
OIL COUNTRY TUBULAR LIMITED,Oil & Gas Related Equipment and Services,OILCOUNTUB,EQ,INE591A01010
,,OISL,EQ,INE196J01019
OMAX AUTOS LIMITED,Automobiles & Auto Parts,OMAXAUTO,EQ,INE090B01011
OMAXE LIMITED,Real Estate Operations,OMAXE,EQ,INE800H01010
OMKAR SPECIALITY CHEMICALS LIMITED,Chemicals,OMKARCHEM,EQ,INE474L01016
,,OMMETALS,EQ,INE239D01028
ONELIFE CAPITAL ADVISORS LIMITED,Investment Banking & Investment Services,ONELIFECAP,EQ,INE912L01015
ONMOBILE GLOBAL LIMITED,Software & IT Services,ONMOBILE,EQ,INE809I01019
ONWARD TECHNOLOGIES LIMITED,Software & IT Services,ONWARDTEC,EQ,INE229A01017
OPAL LUXURY TIME PRODUCTS LIMITED,Household Goods,OPAL,SM,INE520N01012
OPTO CIRCUITS (INDIA) LIMITED,Healthcare Equipment & Supplies,OPTOCIRCUI,EQ,INE808B01016
,,ORBITCORP,EQ,INE628H01015
ORBIT EXPORTS LTD,Textiles & Apparel,ORBTEXP,EQ,INE231G01010
,,ORCHIDPHAR,EQ,INE191A01019
ORICON ENTERPRISES LIMITED,Containers & Packaging,ORICONENT,EQ,INE730A01022
,,ORIENTABRA,EQ,INE569C01020
ORIENTAL TRIMEX LIMITED,Construction Materials,ORIENTALTL,EQ,INE998H01012
,,ORIENTBANK,EQ,INE141A01014
ORIENT BELL LIMITED,Homebuilding & Construction Supplies,ORIENTBELL,EQ,INE607D01018
ORIENT CEMENT LIMITED,Construction Materials,ORIENTCEM,EQ,INE876N01018
ORIENTAL HOTELS LIMITED,Hotels & Entertainment Services,ORIENTHOT,EQ,INE750A01020
ORIENT PRESS LIMITED,Containers & Packaging,ORIENTLTD,EQ,INE609C01024
ORIENT PAPER AND INDUSTRIES LTD.,Paper & Forest Products,ORIENTPPR,EQ,INE592A01026
THE ORISSA MINERALS DEVELOPMENT COMPANY LIMITED,Metals & Mining,ORISSAMINE,EQ,INE725E01024
ORTEL COMMUNICATIONS LIMITED,Media & Publishing,ORTEL,EQ,INE849L01019
,,ORTINLABSS,EQ,INE749B01012
,,OUDHSUG,EQ,INE594A01014
,,PAEL,EQ,INE766A01018
,,PALREDTECH,EQ,INE218G01025
PANACEA BIOTEC LIMITED,Pharmaceuticals,PANACEABIO,EQ,INE922B01023
PANAMA PETROCHEM LIMITED,Chemicals,PANAMAPET,EQ,INE305C01029
,,PANORAMUNI,EQ,INE194B01029
,,PAPERPROD,EQ,INE275B01026
,,PARABDRUGS,EQ,INE618H01016
PARAMOUNT COMMUNICATIONS LIMITED,"Machinery, Equipment & Components",PARACABLES,EQ,INE074B01023
PARAS PETROFILS LIMITED,Holding Companies,PARASPETRO,BE,INE162C01024
,,PARRYSUGAR,EQ,INE353B01021
PARSVNATH DEVELOPERS LIMITED,Real Estate Operations,PARSVNATH,EQ,INE561H01026
PATEL ENGINEERING LIMITED,Construction & Engineering,PATELENG,EQ,INE244B01030
Patel Integrated Logistics Limited,Freight & Logistics Services,PATINTLOG,EQ,INE529D01014
,,PATSPINLTD,EQ,INE790C01014
,,PBAINFRA,EQ,INE160H01019
PC JEWELLER LIMITED,Textiles & Apparel,PCJEWELLER,EQ,INE785M01013
PUDUMJEE PAPER PRODUCTS LIMITED,Paper & Forest Products,PDMJEPAPER,BE,INE865T01018
PARENTERAL DRUGS (INDIA) LIMITED,Pharmaceuticals,PDPL,EQ,INE904D01019
,,PDSMFL,EQ,INE111Q01013
,,PDUMJEIND,EQ,INE105C01023
,,PDUMJEPULP,EQ,INE606A01024
PEARL POLYMERS LIMITED,Containers & Packaging,PEARLPOLY,EQ,INE844A01013
PRECISION ELECTRONICS LIMITED,Communications & Networking,PEL,EQ,INE140A01024
PENNAR INDUSTRIES LIMITED,Construction & Engineering,PENIND,EQ,INE932A01024
PENINSULA LAND LIMITED,Real Estate Operations,PENINLAND,EQ,INE138A01028
,,PENPEBS,EQ,INE455O01019
PERSISTENT SYSTEMS LIMITED,Software & IT Services,PERSISTENT,EQ,INE262H01013
,,PETRONENGG,EQ,INE742A01019
PRIME FOCUS LIMITED,Media & Publishing,PFOCUS,EQ,INE367G01038
PTC INDIA FINANCIAL SERVICES LIMITED,Banking Services,PFS,EQ,INE560K01014
PG ELECTROPLAST LIMITED,Electronic Equipment & Parts,PGEL,EQ,INE457L01011
PROCTER & GAMBLE HYGIENE AND HEALTH CARE LIMITED,Personal & Household Products & Services,PGHH,EQ,INE179A01014
Pearl Global Industries Limited,Textiles & Apparel,PGIL,EQ,INE940H01014
,,PHILIPCARB,EQ,INE602A01015
,,PHOENIXLL,EQ,INE455B01016
PILANI INVESTMENT AND INDUSTRIES CORPORATION LIMITED,Holding Companies,PILANIINVS,BE,INE417C01014
PIL ITALICA LIFESTYLE LIMITED,Household Goods,PILITA,EQ,INE600A01027
,,PIONDIST,EQ,INE889E01010
PIONEER EMBROIDERIES LIMITED,Textiles & Apparel,PIONEEREMB,EQ,INE156C01018
,,PIRPHYTO,EQ,INE122J01015
,,PITTILAM,EQ,INE450D01021
THE PERIA KARAMALAI TEA AND PRODUCE COMPANY LIMITED,Food & Tobacco,PKTEA,EQ,INE431F01018
PLASTIBLENDS INDIA LIMITED,Chemicals,PLASTIBLEN,EQ,INE083C01022
PNB GILTS LIMITED,Investment Banking & Investment Services,PNBGILTS,EQ,INE859A01011
PRITISH NANDY COMMUNICATIONS LIMITED,Media & Publishing,PNC,EQ,INE392B01011
PNC INFRATECH LIMITED,Construction & Engineering,PNCINFRA,EQ,INE195J01011
,,POCHIRAJU,EQ,INE332G01032
POLARIS INC.,Automobiles & Auto Parts,POLARIS,EQ,INE763A01023
POLYPLEX CORPORATION LIMITED,Chemicals,POLYPLEX,EQ,INE633B01018
PONNI SUGARS (ERODE) LIMITED,Food & Tobacco,PONNIERODE,EQ,INE838E01017
POWER MECH PROJECTS LIMITED,Construction & Engineering,POWERMECH,EQ,INE211R01019
PPAP AUTOMOTIVE LIMITED,Automobiles & Auto Parts,PPAP,EQ,INE095I01015
PRABHAT TECHNOLOGIES (INDIA) LIMITED,"Computers, Phones & Household Electronics",PRABHAT,EQ,INE302M01033
PRAJAY ENGINEERS SYNDICATE LTD,Real Estate Operations,PRAENG,EQ,INE505C01016
PRAJ INDUSTRIES LIMITED,Construction & Engineering,PRAJIND,EQ,INE074A01025
PRAKASH INDUSTRIES LIMITED,Metals & Mining,PRAKASH,EQ,INE603A01013
,,PRAKASHCON,EQ,INE023M01027
PRAKASH STEELAGE LIMITED,Metals & Mining,PRAKASHSTL,EQ,INE696K01024
PRATIBHA INDUSTRIES LIMITED,Construction & Engineering,PRATIBHA,EQ,INE308H01022
PRECISION CAMSHAFTS LIMITED,Automobiles & Auto Parts,PRECAM,EQ,INE484I01029
PRECOT LIMITED,Textiles & Apparel,PRECOT,EQ,INE283A01014
PRECISION WIRES INDIA LIMITED,"Machinery, Equipment & Components",PRECWIRE,EQ,INE372C01029
PREMIER LIMITED,"Machinery, Equipment & Components",PREMIER,EQ,INE342A01018
PREMIER POLYFILM LIMITED,Homebuilding & Construction Supplies,PREMIERPOL,EQ,INE309M01012
,,PRESSMN,EQ,INE980A01023
PRICOL LIMITED,Automobiles & Auto Parts,PRICOL,EQ,INE605A01026
PRIME SECURITIES LIMITED,Investment Banking & Investment Services,PRIMESECU,EQ,INE032B01021
,,PRISMCEM,EQ,INE010A01011
,,PROVOGE,EQ,INE968G01033
,,PROZONINTU,EQ,INE195N01013
Punjab & Sind Bank,Banking Services,PSB,EQ,INE608A01012
PRAKASH STEELAGE LIMITED,Metals & Mining,PSL,EQ,INE474B01017
,,PSUBNKBEES,EQ,INF732E01110
PTC INDIA LIMITED,Electrical Utilities & IPPs,PTC,EQ,INE877F01012
PTL ENTERPRISES LIMITED,Real Estate Operations,PTL,EQ,INE034D01031
PUNJAB CHEMICALS AND CROP PROTECTION LIMITED,Chemicals,PUNJABCHEM,EQ,INE277B01014
PUNJ-LLOYD LIMITED,Construction & Engineering,PUNJLLOYD,EQ,INE701B01021
PURAVANKARA LIMITED,Real Estate Operations,PURVA,EQ,INE323I01011
PVP Ventures Limited,Real Estate Operations,PVP,EQ,INE362A01016
,,QGOLDHALF,EQ,INF082J01010
,,QNIFTY,EQ,INF082J01028
Quick Heal Technologies Limited,Software & IT Services,QUICKHEAL,EQ,INE306L01010
RADAAN MEDIA WORKS INDIA LIMITED,Media & Publishing,RADAAN,EQ,INE874F01027
RAIN INDUSTRIES LIMITED,Chemicals,RAIN,EQ,INE855B01025
RAINBOW PAPERS LIMITED,Paper & Forest Products,RAINBOWPAP,EQ,INE028D01025
,,RAIREKMOH,EQ,INE313D01013
RAJESH EXPORTS LIMITED,Textiles & Apparel,RAJESHEXPO,EQ,INE343B01030
,,RAJOIL,EQ,INE294G01018
,,RAJRAYON,EQ,INE533D01024
RAJSHREE SUGARS & CHEMICALS LIMITED,Food & Tobacco,RAJSREESUG,EQ,INE562B01019
RAJ TELEVISION NETWORK LIMITED,Media & Publishing,RAJTV,EQ,INE952H01027
RAJVIR INDUSTRIES LIMITED,Textiles & Apparel,RAJVIR,BE,INE011H01014
RALLIS INDIA LIMITED,Chemicals,RALLIS,EQ,INE613A01020
SHREE RAMA NEWSPRINT LIMITED,Beverages,RAMANEWS,EQ,INE278B01020
RAMA STEEL TUBES LIMITED,Metals & Mining,RAMASTEEL,EQ,INE230R01027
RAMCO INDUSTRIES LIMITED,Construction Materials,RAMCOIND,EQ,INE614A01028
RAMCO SYSTEMS LIMITED,Software & IT Services,RAMCOSYS,EQ,INE246B01019
RAMKY INFRASTRUCTURE LIMITED,Construction & Engineering,RAMKY,EQ,INE874I01013
,,RAMSARUP,BE,INE005D01015
RANA SUGARS LIMITED,Food & Tobacco,RANASUG,EQ,INE625B01014
,,RANEENGINE,EQ,INE222J01013
RANE HOLDINGS LIMITED,Automobiles & Auto Parts,RANEHOLDIN,EQ,INE384A01010
,,RASOYPR,EQ,INE904G01038
RATNAMANI METALS AND TUBES LIMITED,Metals & Mining,RATNAMANI,EQ,INE703B01027
RAYMOND LIMITED,Textiles & Apparel,RAYMOND,EQ,INE301A01014
,,RBL,EQ,INE244J01017
RASHTRIYA CHEMICALS AND FERTILIZERS LIMITED,Chemicals,RCF,EQ,INE027A01015
RELIANCE COMMUNICATIONS LIMITED,Telecommunications Services,RCOM,EQ,INE330H01018
,,RDAFTIIIDG,MF,INF204K01N87
"Red Eye Louie's, Inc",Beverages,RDEL,EQ,INE542F01012
REC LIMITED,Banking Services,RECLTD,N9,INE020B07HS2
REC LIMITED,Banking Services,RECLTD,NF,INE020B07IG5
REFEX INDUSTRIES LIMITED,Coal,REFEX,EQ,INE056I01017
,,REIAGROLTD,EQ,INE385B01031
,,REISIXTEN,EQ,INE849J01021
RELAXO FOOTWEARS LIMITED,Textiles & Apparel,RELAXO,EQ,INE131B01039
,,RELBANK,EQ,INF733I01028
,,RELCAPITAL,EQ,INE013A01015
,,RELCNX100,EQ,INF204K014N5
,,RELCONS,EQ,INF204KA1LD7
,,RELDIVOPP,EQ,INF204KA1MS3
,,RELGOLD,EQ,INF733I01010
,,RELGRNIFTY,EQ,INF205K01DA9
,,RELIFIN,N3,INE958G07809
RELIGARE ENTERPRISES LIMITED,Insurance,RELIGARE,EQ,INE621H01010
,,RELIGAREGO,EQ,INF205K01361
RELIANCE INFRASTRUCTURE LIMITED,Electrical Utilities & IPPs,RELINFRA,EQ,INE036A01016
,,RELNV20,EQ,INF204KA17D8
REMSONS INDUSTRIES LIMITED,Automobiles & Auto Parts,REMSONSIND,EQ,INE474C01015
SHREE RENUKA SUGARS LIMITED,Food & Tobacco,RENUKA,EQ,INE087H01022
REPCO HOME FINANCE LIMITED,Banking Services,REPCOHOME,EQ,INE612J01015
REPRO INDIA LIMITED,Professional & Commercial Services,REPRO,EQ,INE461B01014
RESPONSIVE INDUSTRIES LIMITED,Homebuilding & Construction Supplies,RESPONIND,EQ,INE688D01026
REVATHI EQUIPMENT INDIA LIMITED,"Machinery, Equipment & Components",REVATHI,EQ,INE617A01013
RICO AUTO INDUSTRIES LIMITED,Automobiles & Auto Parts,RICOAUTO,EQ,INE209B01025
RELIANCE INDUSTRIAL INFRASTRUCTURE LIMITED,Construction & Engineering,RIIL,EQ,INE046A01015
,,RJL,EQ,INE722H01016
RAVI KUMAR DISTILLERIES LIMITED,Beverages,RKDL,EQ,INE722J01012
RAMKRISHNA FORGINGS LTD,Metals & Mining,RKFORGE,EQ,INE399G01015
RADHA MADHAV CORPORATION LIMITED,Containers & Packaging,RMCL,EQ,INE172H01014
RANE (MADRAS) LIMITED,Automobiles & Auto Parts,RML,EQ,INE050H01012
RESURGERE MINES & MINERALS INDIA LIMITED,Metals & Mining,RMMIL,EQ,INE774I01031
,,ROHITFERRO,EQ,INE248H01012
ROYAL ORCHID HOTELS LIMITED,Hotels & Entertainment Services,ROHLTD,EQ,INE283H01019
,,ROLTA,EQ,INE293A01013
ROSSELL INDIA LIMITED,Aerospace & Defense,ROSSELLIND,EQ,INE847C01020
RPG Life Sciences Limited,Pharmaceuticals,RPGLIFE,EQ,INE105J01010
R.P.P INFRA PROJECTS LIMITED,Construction & Engineering,RPPINFRA,EQ,INE324L01013
R S SOFTWARE (INDIA) LTD.,Software & IT Services,RSSOFTWARE,EQ,INE165B01029
RSWM LIMITED,Textiles & Apparel,RSWM,EQ,INE611A01016
R SYSTEMS INTERNATIONAL LIMITED,Software & IT Services,RSYSTEMS,EQ,INE411H01032
,,RTNINFRA,EQ,INE834M01019
RATTANINDIA POWER LIMITED,Electrical Utilities & IPPs,RTNPOWER,EQ,INE399K01017
THE RUBY MILLS LIMITED,Textiles & Apparel,RUBYMILLS,EQ,INE301D01026
RUCHI INFRASTRUCTURE LIMITED,Freight & Logistics Services,RUCHINFRA,BE,INE413B01023
RUCHIRA PAPERS LIMITED,Paper & Forest Products,RUCHIRA,EQ,INE803H01014
,,RUCHISOYA,EQ,INE619A01027
RUPA & COMPANY LTD,Textiles & Apparel,RUPA,EQ,INE895B01021
RUSHIL DECOR LIMITED,Paper & Forest Products,RUSHIL,EQ,INE573K01017
,,SABTN,BE,INE416A01036
SADBHAV ENGINEERING LIMITED,Construction & Engineering,SADBHAV,EQ,INE226H01026
SADBHAV INFRASTRUCTURE PROJECT LIMITED,Construction & Engineering,SADBHIN,EQ,INE764L01010
SAGAR CEMENTS LTD,Construction Materials,SAGCEM,EQ,INE229C01013
SAKTHI SUGARS LIMITED,Food & Tobacco,SAKHTISUG,EQ,INE623A01011
SAKSOFT LIMITED,Software & IT Services,SAKSOFT,EQ,INE667G01015
SAKUMA EXPORTS LIMITED,Food & Drug Retailing,SAKUMA,EQ,INE190H01016
,,SALORAINTL,EQ,INE924A01013
S A L STEEL LIMITED,Metals & Mining,SALSTEEL,EQ,INE658G01014
SALZER ELECTRONICS LIMITED,"Machinery, Equipment & Components",SALZERELEC,EQ,INE457F01013
SAMBHAAV MEDIA LIMITED,Media & Publishing,SAMBHAAV,EQ,INE699B01027
SANCO INDUSTRIES LIMITED,"Machinery, Equipment & Components",SANCO,SM,INE782L01012
THE SANDESH LIMITED,Media & Publishing,SANDESH,EQ,INE583B01015
SANGAM (INDIA) LIMITED,Textiles & Apparel,SANGAMIND,EQ,INE495C01010
SANGHI INDUSTRIES LIMITED,Construction Materials,SANGHIIND,EQ,INE999B01013
,,SANGHVIFOR,EQ,INE263L01013
SANGHVI MOVERS LIMITED,Professional & Commercial Services,SANGHVIMOV,EQ,INE989A01024
Sanofi India Limited,Pharmaceuticals,SANOFI,EQ,INE058A01010
SANWARIA CONSUMER LIMITED,Food & Tobacco,SANWARIA,EQ,INE890C01046
SARDA ENERGY & MINERALS LIMITED,Metals & Mining,SARDAEN,EQ,INE385C01013
SAREGAMA INDIA LIMITED,Media & Publishing,SAREGAMA,EQ,INE979A01017
Sarla Performance Fibers Limited,Textiles & Apparel,SARLAPOLY,EQ,INE453D01025
SASKEN TECHNOLOGIES LIMITED,Software & IT Services,SASKEN,EQ,INE231F01020
,,SATHAISPAT,EQ,INE176C01016
SATIN CREDITCARE NETWORK LIMITED,Banking Services,SATIN,EQ,INE836B01017
,,SBBJ,EQ,INE648A01026
State Bank of India,Banking Services,SBIN,N5,INE062A08058
THANH THANH CONG - BIEN HOA JOINT STOCK COMPANY,Food & Tobacco,SBT,EQ,INE654A01024
SOM DISTILLERIES AND BREWERIES LIMITED,Beverages,SDBL,EQ,INE480C01012
SEAMEC LIMITED,Oil & Gas Related Equipment and Services,SEAMECLTD,EQ,INE497B01018
,,SEINV,EQ,INE420C01042
,,SELAN,EQ,INE818A01017
,,SELMCL,EQ,INE105I01012
,,SEPOWER,EQ,INE735M01018
,,SEQUENT,EQ,INE807F01027
,,SERVALL,EQ,INE431L01016
SESHASAYEE PAPER AND BOARDS LIMITED,Paper & Forest Products,SESHAPAPER,EQ,INE630A01016
,,SETFGOLD,EQ,INF200K01099
,,SETFNIF50,EQ,INF200KA1FS1
,,SETFNIFBK,EQ,INF200KA1580
,,SETFNN50,EQ,INF200KA1598
,,SEZAL,EQ,INE955I01036
,,SFCL,EQ,INE935O01010
,,SGJHL,EQ,INE553K01019
STL GLOBAL LIMITED,Textiles & Apparel,SGL,EQ,INE353H01010
SHAH ALLOYS LIMITED,Metals & Mining,SHAHALLOYS,EQ,INE640C01011
SHAKTI PUMPS (INDIA) LIMITED,"Machinery, Equipment & Components",SHAKTIPUMP,EQ,INE908D01010
SHALIMAR PAINTS LTD,Chemicals,SHALPAINTS,EQ,INE849C01026
SHANTHI GEARS LIMITED,"Machinery, Equipment & Components",SHANTIGEAR,EQ,INE631A01022
SHARDA CROPCHEM LIMITED,Chemicals,SHARDACROP,EQ,INE221J01015
SHARDA MOTOR INDUSTRIES LIMITED,Automobiles & Auto Parts,SHARDAMOTR,EQ,INE597I01010
,,SHARONBIO,EQ,INE028B01029
SHEMAROO ENTERTAINMENT LIMITED,Media & Publishing,SHEMAROO,EQ,INE363M01019
SHILPA MEDICARE LIMITED,Pharmaceuticals,SHILPAMED,EQ,INE790G01031
SHILPA MEDICARE LIMITED,Pharmaceuticals,SHILPI,EQ,INE510K01019
SHIRPUR GOLD REFINERY LIMITED,Metals & Mining,SHIRPUR-G,EQ,INE196B01016
SHIVAM AUTOTECH LIMITED,Automobiles & Auto Parts,SHIVAMAUTO,EQ,INE637H01024
,,SHIVTEX,EQ,INE705C01012
S H KELKAR AND COMPANY Limited,Chemicals,SHK,EQ,INE500L01026
SHOPPERS STOP LIMITED,Diversified Retail,SHOPERSTOP,EQ,INE498B01024
Shree Pushkar Chemicals & Fertilisers Limited,Chemicals,SHREEPUSHK,EQ,INE712K01011
SHREE RAMA MULTI-TECH LIMITED,Containers & Packaging,SHREERAMA,BE,INE879A01019
,,SHRENUJ,EQ,INE633A01028
SHREYANS INDUSTRIES LIMITED,Paper & Forest Products,SHREYANIND,EQ,INE231C01019
SHREYAS INTERMEDIATES LIMITED,Chemicals,SHREYAS,EQ,INE757B01015
,,SHRIASTER,BE,INE900K01012
,,SHRIRAMCIT,EQ,INE722A01011
,,SHRIRAMCIT,NA,INE722A07448
,,SHRIRAMCIT,NE,INE722A07489
,,SHRIRAMEPC,EQ,INE964H01014
SHYAM CENTURY FERROUS LIMITED,Metals & Mining,SHYAMCENT,EQ,INE979R01011
SHYAM TELECOM LIMITED,Communications & Networking,SHYAMTEL,EQ,INE635A01023
SICAGEN INDIA LIMITED,Homebuilding & Construction Supplies,SICAGEN,EQ,INE176J01011
,,SICAL,EQ,INE075B01012
SIGNET INDUSTRIES LIMITED,Chemicals,SIGNET,EQ,INE529F01027
SUPREME (INDIA) IMPEX LTD,Textiles & Apparel,SIIL,SM,INE971P01012
STANDARD INDUSTRIES LIMITED,Textiles & Apparel,SIL,BE,INE173A01025
SIL Investments Limited,Investment Banking & Investment Services,SILINV,EQ,INE923A01015
SIMBHAOLI SUGARS LIMITED,Food & Tobacco,SIMBHALS,EQ,INE748T01016
SIMPLEX REALTY LIMITED,Real Estate Operations,SIMPLEX,EQ,INE898F01018
SIMPLEX INFRASTRUCTURES LIMITED,Construction & Engineering,SIMPLEXINF,EQ,INE059B01024
LAGNAM SPINTEX LIMITED,Textiles & Apparel,SINTEX,EQ,INE429C01035
,,SITASHREE,BE,INE686I01011
,,SITICABLE,EQ,INE965H01011
SIYARAM SILK MILLS LIMITED,Textiles & Apparel,SIYSIL,EQ,INE076B01010
SKF INDIA LIMITED,"Machinery, Equipment & Components",SKFINDIA,EQ,INE640A01023
SKIL Infrastructure Limited,Construction & Engineering,SKIL,EQ,INE429F01012
SKIPPER LIMITED,Construction & Engineering,SKIPPER,EQ,INE439E01022
SKM EGG PRODUCTS EXPORT INDIA LIMITED,Food & Tobacco,SKMEGGPROD,EQ,INE411D01015
,,SKSMICRO,EQ,INE180K01011
SMARTLINK HOLDINGS LIMITED,Communications & Networking,SMARTLINK,EQ,INE178C01020
,,SMLISUZU,EQ,INE294B01019
THE SIMPLY GOOD FOODS COMPANY,Food & Tobacco,SMPL,EQ,INE215G01021
SMS PHARMACEUTICALS LIMITED,Pharmaceuticals,SMSPHARMA,EQ,INE812G01025
SNOWMAN LOGISTICS LIMITED,Freight & Logistics Services,SNOWMAN,EQ,INE734N01019
Solar Industries India Limited,Chemicals,SOLARINDS,EQ,INE343H01011
SOMANY CERAMICS LIMITED,Homebuilding & Construction Supplies,SOMANYCERA,EQ,INE355A01028
SOMA TEXTILES & INDUSTRIES LTD,Textiles & Apparel,SOMATEX,EQ,INE314C01013
,,SONASTEER,EQ,INE643A01035
SAVITA OIL TECHNOLOGIES LIMITED,Oil & Gas,SOTL,EQ,INE035D01012
THE SOUTH INDIAN BANK LIMITED,Banking Services,SOUTHBANK,EQ,INE683A01023
SUN PHARMA ADVANCED RESEARCH COMPANY LIMITED,Pharmaceuticals,SPARC,EQ,INE232I01014
SPECIALITY RESTAURANTS LIMITED,Hotels & Entertainment Services,SPECIALITY,EQ,INE247M01014
,,SPENTEX,EQ,INE376C01020
,,SPHEREGSL,EQ,INE737B01033
SOUTHERN PETROCHEMICAL INDUSTRIES CORPORATION LIMITED,Chemicals,SPIC,EQ,INE147A01011
,,SPICEMOBI,EQ,INE927C01020
SPL INDUSTRIES LIMITED,Textiles & Apparel,SPLIL,EQ,INE978G01016
SPML INFRA LIMITED,Construction & Engineering,SPMLINFRA,EQ,INE937A01023
,,SPYL,EQ,INE268L01020
,,SQSBFSI,EQ,INE201K01015
,,SREINFRA,EQ,INE872A01014
,,SREINFRA,NP,INE872A07SV9
,,SRGINFOTEC,BE,INE376A01032
Sree Rayalaseema Hi-Strength Hypo Limited,Chemicals,SRHHYPOLTD,EQ,INE917H01012
,,SRIPIPES,EQ,INE943C01027
,,SRSLTD,EQ,INE219H01039
,,SRTRANSFIN,EQ,INE721A01013
,,SRTRANSFIN,NL,INE721A07AV6
,,SRTRANSFIN,NU,INE721A07DO5
,,SRTRANSFIN,NW,INE721A07FV5
,,SRTRANSFIN,NX,INE721A07FW3
,,SRTRANSFIN,NY,INE721A07FX1
,,SRTRANSFIN,NZ,INE721A07FY9
,,SRTRANSFIN,Y1,INE721A07GR1
,,SRTRANSFIN,Y4,INE721A07GU5
,,SRTRANSFIN,Y6,INE721A07GW1
,,SRTRANSFIN,Y7,INE721A07HH0
,,SRTRANSFIN,Y9,INE721A07HJ6
,,SRTRANSFIN,YC,INE721A07HM0
STEEL STRIPS WHEELS LTD,Automobiles & Auto Parts,SSWL,EQ,INE802C01017
STANDARD CHARTERED PLC,Banking Services,STAN,DR,INE028L21018
STRIDES PHARMA SCIENCE LIMITED,Pharmaceuticals,STAR,EQ,INE939A01011
STAR PAPER MILLS LTD.,Paper & Forest Products,STARPAPER,EQ,INE733A01018
THE STATE TRADING CORPORATION OF INDIA LIMITED,Diversified Industrial Goods Wholesale,STCINDIA,EQ,INE655A01013
STEL Holdings Limited,Holding Companies,STEL,EQ,INE577L01016
,,STERLINBIO,EQ,INE324C01038
STERLING TOOLS LIMITED,Automobiles & Auto Parts,STERTOOLS,EQ,INE334A01015
,,STOREONE,EQ,INE034H01016
,,STRTECH,EQ,INE089C01029
,,STYABS,EQ,INE189B01011
SUBEX LIMITED,Software & IT Services,SUBEX,EQ,INE754A01014
SUBROS LIMITED,Automobiles & Auto Parts,SUBROS,EQ,INE287B01021
,,SUDAR,EQ,INE384L01017
SUDARSHAN CHEMICAL INDUSTRIES LIMITED,Chemicals,SUDARSCHEM,EQ,INE659A01023
,,SUJANATWR,EQ,INE333I01036
,,SUJANAUNI,EQ,INE216G01011
SUMEET INDUSTRIES LIMITED,Chemicals,SUMEETINDS,EQ,INE235C01010
Summit Securities Limited,Banking Services,SUMMITSEC,EQ,INE519C01017
,,SUNCLAYLTD,EQ,INE105A01035
SUNDARAM MULTI PAP LIMITED,Paper & Forest Products,SUNDARAM,EQ,INE108E01023
SUNDARAM BRAKE LININGS LIMITED,Automobiles & Auto Parts,SUNDRMBRAK,EQ,INE073D01013
SUNDRAM FASTENERS LIMITED,Automobiles & Auto Parts,SUNDRMFAST,EQ,INE387A01021
SUNFLAG IRON AND STEEL CO LTD,Metals & Mining,SUNFLAG,EQ,INE947A01014
,,SUNILHITEC,EQ,INE305H01010
SUNTECK REALTY LIMITED,Real Estate Operations,SUNTECK,EQ,INE805D01026
SUPER HOUSE LTD.,Textiles & Apparel,SUPERHOUSE,EQ,INE712B01010
SUPER SPINNING MILLS LIMITED,Real Estate Operations,SUPERSPIN,EQ,INE662A01027
,,SUPPETRO,EQ,INE663A01017
SUPRAJIT ENGINEERING LIMITED,Automobiles & Auto Parts,SUPRAJIT,EQ,INE399C01030
SUPREME INFRASTRUCTURE INDIA LIMITED,Construction & Engineering,SUPREMEINF,EQ,INE550H01011
,,SUPREMETEX,EQ,INE651G01027
,,SURANAIND,EQ,INE659D01019
SURANA SOLAR LIMITED,Renewable Energy,SURANASOL,EQ,INE272L01022
SURANA TELECOM AND POWER LIMITED,Electrical Utilities & IPPs,SURANAT&P,EQ,INE130B01031
,,SURYAJYOTI,EQ,INE411C01017
SURYA LAKSHMI COTTON MILLS LTD,Textiles & Apparel,SURYALAXMI,EQ,INE713B01026
SURYA ROSHNI LIMITED,Metals & Mining,SURYAROSNI,EQ,INE335A01012
SUTLEJ TEXTILES AND INDUSTRIES LIMITED,Textiles & Apparel,SUTLEJTEX,EQ,INE645H01019
SUVEN LIFE SCIENCES LIMITED,Biotechnology & Medical Research,SUVEN,EQ,INE495B01038
,,SVOGL,BE,INE756B01017
SWARAJ ENGINES LTD,Automobiles & Auto Parts,SWARAJENG,EQ,INE277A01016
SWELECT ENERGY SYSTEMS LIMITED,"Machinery, Equipment & Components",SWELECTES,EQ,INE409B01013
SYMPHONY LIMITED,Household Goods,SYMPHONY,EQ,INE225D01027
SYNCOM FORMULATIONS (INDIA) LIMITED,Pharmaceuticals,SYNCOM,EQ,INE602K01014
,,SYNDIBANK,EQ,INE667A01018
TAINWALA CHEMICALS AND PLASTICS (INDIA) LTD,Chemicals,TAINWALCHM,EQ,INE123C01018
TAJ GVK HOTELS AND RESORTS LIMITED,Hotels & Entertainment Services,TAJGVK,EQ,INE586B01026
TAKE SOLUTIONS LIMITED,Biotechnology & Medical Research,TAKE,EQ,INE142I01023
TALBROS AUTOMOTIVE COMPONENTS LIMITED,Automobiles & Auto Parts,TALBROAUTO,EQ,INE187D01011
TALWALKARS BETTER VALUE FITNESS LIMITED,Hotels & Entertainment Services,TALWALKARS,EQ,INE502K01016
TANLA PLATFORMS LIMITED,Software & IT Services,TANLA,EQ,INE483C01032
,,TANTIACONS,EQ,INE388G01018
,,TARAJEWELS,EQ,INE799L01016
TARAPUR TRANSFORMERS LIMITED,"Machinery, Equipment & Components",TARAPUR,EQ,INE747K01017
TARMAT LIMITED,Construction & Engineering,TARMAT,EQ,INE924H01018
,,TATACOFFEE,EQ,INE493A01027
TATA INVESTMENT CORPORATION LIMITED,Investment Banking & Investment Services,TATAINVEST,EQ,INE672A01018
,,TATAMETALI,EQ,INE056C01010
,,TATAMTRDVR,EQ,IN9155A01020
,,TATASPONGE,EQ,INE674A01014
TATA STEEL LIMITED,Metals & Mining,TATASTEEL,EQ,INE081A01012
TRIBHOVANDAS BHIMJI ZAVERI LIMITED,Specialty Retailers,TBZ,EQ,INE760L01018
,,TCFSL,N8,INE306N07BM6
TRANSPORT CORPORATION OF INDIA LIMITED,Freight & Logistics Services,TCI,EQ,INE688A01022
,,TCIDEVELOP,EQ,INE662L01016
TCI FINANCE LIMITED,Banking Services,TCIFINANCE,EQ,INE911B01018
TD POWER SYSTEMS LIMITED,"Machinery, Equipment & Components",TDPOWERSYS,EQ,INE419M01019
TEAMLEASE SERVICES LIMITED,Professional & Commercial Services,TEAMLEASE,EQ,INE985S01024
Technos SA,Specialty Retailers,TECHNO,EQ,INE286K01024
TECHNOFAB ENGINEERING LIMITED,Construction & Engineering,TECHNOFAB,EQ,INE509K01011
TEXMACO INFRASTRUCTURE & HOLDINGS LIMITED,Real Estate Operations,TEXINFRA,EQ,INE435C01024
Texmo Pipes and Products Limited,Homebuilding & Construction Supplies,TEXMOPIPES,EQ,INE141K01013
TEXMACO RAIL & ENGINEERING LIMITED,"Machinery, Equipment & Components",TEXRAIL,EQ,INE621L01012
TOURISM FINANCE CORPORATION OF INDIA LIMITED,Banking Services,TFCILTD,EQ,INE305A01015
TRANSWARRANTY FINANCE LIMITED,Investment Banking & Investment Services,TFL,BE,INE804H01012
TGB Banquets and Hotels Limited,Hotels & Entertainment Services,TGBHOTELS,EQ,INE797H01018
THANGA MAYIL JEWELLERY LIMITED,Specialty Retailers,THANGAMAYL,EQ,INE085J01014
THEMIS MEDICARE LIMITED,Pharmaceuticals,THEMISMED,EQ,INE083B01016
,,THIRUSUGAR,EQ,INE409A01015
THOMAS COOK (INDIA) LIMITED,Hotels & Entertainment Services,THOMASCOOK,EQ,INE332A01027
TILAKNAGAR INDUSTRIES LIMITED,Beverages,TI,EQ,INE133E01013
TIDEWATER INC.,Oil & Gas Related Equipment and Services,TIDEWATER,EQ,INE484C01022
TECHNOCRAFT INDUSTRIES (INDIA) LIMITED,"Machinery, Equipment & Components",TIIL,EQ,INE545H01011
TIJARIA POLYPIPES LIMITED,Homebuilding & Construction Supplies,TIJARIA,EQ,INE440L01017
TIL LIMITED,"Machinery, Equipment & Components",TIL,EQ,INE806C01018
,,TIMESGTY,EQ,INE289C01025
TIME TECHNOPLAST LIMITED,Containers & Packaging,TIMETECHNO,EQ,INE508G01029
,,TINPLATE,EQ,INE422C01014
,,TIPSINDLTD,EQ,INE716B01011
THIRUMALAI CHEMICALS LIMITED,Chemicals,TIRUMALCHM,EQ,INE338A01016
TAMILNADU PETROPRODUCTS LIMITED,Chemicals,TNPETRO,EQ,INE148A01019
TAMILNADU NEWSPRINT & PAPERS LIMITED,Paper & Forest Products,TNPL,EQ,INE107A01015
TOKYO PLAST INTERNATIONAL LTD,Containers & Packaging,TOKYOPLAST,EQ,INE932C01012
TPL PLASTECH LIMITED,Containers & Packaging,TPLPLASTEH,EQ,INE413G01014
TREE HOUSE EDUCATION & ACCESSORIES LIMITED,Personal & Household Products & Services,TREEHOUSE,EQ,INE040M01013
TRENT LIMITED,Diversified Retail,TRENT,EQ,INE849A01012
TRF LIMITED.,"Machinery, Equipment & Components",TRF,EQ,INE391D01019
TRICOM FRUIT PRODUCTS LIMITED.,Holding Companies,TRICOM,EQ,INE771B01032
TRIDENT LIMITED,Textiles & Apparel,TRIDENT,EQ,INE064C01014
TRIGYN TECHNOLOGIES LIMITED,Software & IT Services,TRIGYN,EQ,INE948A01012
PT Triwira Insanlestari Tbk,Diversified Industrial Goods Wholesale,TRIL,EQ,INE763I01018
TRIVENI ENGINEERING AND INDUSTRIES LIMITED,Food & Tobacco,TRIVENI,EQ,INE256C01024
TTK HEALTHCARE LIMITED,Pharmaceuticals,TTKHLTCARE,EQ,INE910C01018
TTK PRESTIGE LIMITED,Household Goods,TTKPRESTIG,EQ,INE690A01010
T T LIMITED,Textiles & Apparel,TTL,EQ,INE592B01016
,,TUBEINVEST,EQ,INE149A01025
TULSI EXTRUSIONS LIMITED,Homebuilding & Construction Supplies,TULSI,EQ,INE474I01012
,,TV18BRDCST,EQ,INE886H01027
TVS ELECTRONICS LIMITED,"Computers, Phones & Household Electronics",TVSELECT,EQ,INE236G01019
TVS SRICHAKRA LIMITED,Automobiles & Auto Parts,TVSSRICHAK,EQ,INE421C01016
T.V. TODAY NETWORK LIMITED.,Media & Publishing,TVTODAY,EQ,INE038F01029
,,UBHOLDINGS,EQ,INE696A01025
,,UCALFUEL,EQ,INE139B01016
UFLEX LIMITED,Containers & Packaging,UFLEX,EQ,INE516A01017
UFO MOVIEZ INDIA LIMITED,Media & Publishing,UFO,EQ,INE527H01019
THE UGAR SUGAR WORKS LTD,Food & Tobacco,UGARSUGAR,EQ,INE071E01023
UJAAS ENERGY LIMITED,Electrical Utilities & IPPs,UJAAS,EQ,INE899L01022
,,UMANGDAIRY,EQ,INE864B01027
UNICHEM LABORATORIES LIMITED,Pharmaceuticals,UNICHEMLAB,EQ,INE351A01035
UNIPHOS ENTERPRISES LIMITED,Chemicals,UNIENTER,EQ,INE037A01022
UNIPLY INDUSTRIES LIMITED,Paper & Forest Products,UNIPLY,EQ,INE950G01015
UNITECH LIMITED,Real Estate Operations,UNITECH,EQ,INE694A01020
,,UNITEDBNK,EQ,INE695A01019
THE UNITED NILGIRI TEA ESTATES COMPANY LIMITED,Food & Tobacco,UNITEDTEA,EQ,INE458F01011
UNITY INFRAPROJECTS LIMITED,Construction & Engineering,UNITY,EQ,INE466H01028
UNIVERSAL CABLES LIMITED,"Machinery, Equipment & Components",UNIVCABLES,EQ,INE279A01012
,,UPERGANGES,EQ,INE018B01012
,,USHERAGRO,EQ,INE235G01011
,,UTINIFTETF,EQ,INF789FB1X41
,,UTISENSETF,EQ,INF789FB1X58
,,UTTAMSTL,EQ,INE699A01011
UTTAM SUGAR MILLS LIMITED,Food & Tobacco,UTTAMSUGAR,EQ,INE786F01031
V2 Retail Limited,Specialty Retailers,V2RETAIL,EQ,INE945H01013
VADILAL INDUSTRIES LIMITED,Food & Tobacco,VADILALIND,EQ,INE694D01016
VAIBHAV GLOBAL LIMITED,Textiles & Apparel,VAIBHAVGBL,EQ,INE884A01019
Vakrangee Limited,Software & IT Services,VAKRANGEE,EQ,INE051B01021
VALECHA ENGINEERING LIMITED,Construction & Engineering,VALECHAENG,EQ,INE624C01015
VALUE INDUSTRIES LIMITED,Household Goods,VALUEIND,EQ,INE352A01017
VARDHMAN ACRYLICS LIMITED,Textiles & Apparel,VARDHACRLC,EQ,INE116G01013
VARDHMAN POLYTEX LTD,Textiles & Apparel,VARDMNPOLY,EQ,INE835A01011
VASCON ENGINEERS LIMITED,Construction & Engineering,VASCONEQ,EQ,INE893I01013
VASWANI INDUSTRIES LIMITED,Metals & Mining,VASWANI,EQ,INE590L01019
VENKY'S (INDIA) LIMITED,Food & Tobacco,VENKEYS,EQ,INE398A01010
VENUS REMEDIES LIMITED,Pharmaceuticals,VENUSREM,EQ,INE411B01019
VESUVIUS INDIA LTD,"Machinery, Equipment & Components",VESUVIUS,EQ,INE386A01015
VETO SWITCHGEARS AND CABLES LIMITED,"Machinery, Equipment & Components",VETO,EQ,INE918N01018
V GUARD INDUSTRIES LIMITED,"Machinery, Equipment & Components",VGUARD,EQ,INE951I01019
VARDHMAN HOLDINGS LIMITED,Banking Services,VHL,EQ,INE701A01023
VICEROY HOTELS LIMITED,Hotels & Entertainment Services,VICEROY,EQ,INE048C01017
VIDEOCON INDUSTRIES LIMITED,Household Goods,VIDEOIND,EQ,INE703A01011
,,VIDHIDYE,EQ,INE632C01026
,,VIJAYABANK,EQ,INE705A01016
,,VIJSHAN,EQ,INE806F01011
VIKAS ECOTECH LIMITED,Chemicals,VIKASECO,EQ,INE806A01020
,,VIMALOIL,EQ,INE067D01015
VIMTA LABS LIMITED,Professional & Commercial Services,VIMTALABS,EQ,INE579C01029
VINATI ORGANICS LIMITED,Chemicals,VINATIORGA,EQ,INE410B01029
VINDHYA TELELINKS LIMITED,Communications & Networking,VINDHYATEL,EQ,INE707A01012
VINYL CHEMICALS (INDIA) LIMITED,Chemicals,VINYLINDIA,EQ,INE250B01029
V I P INDUSTRIES LIMITED,Textiles & Apparel,VIPIND,EQ,INE054A01027
VIPUL LIMITED,Real Estate Operations,VIPULLTD,EQ,INE946H01037
VISAKA INDUSTRIES LTD.,Construction Materials,VISAKAIND,EQ,INE392A01013
VISA STEEL LIMITED,Metals & Mining,VISASTEEL,EQ,INE286H01012
MPS INFOTECNICS LIMITED,Telecommunications Services,VISESHINFO,EQ,INE861A01058
VISHNU CHEMICALS LIMITED,Chemicals,VISHNU,EQ,INE270I01014
VISAGAR POLYTEX LIMITED,Textiles & Apparel,VIVIDHA,EQ,INE370E01029
VIVIMED LABS LIMITED,Pharmaceuticals,VIVIMEDLAB,EQ,INE526G01013
,,VKSPL,EQ,INE213M01024
V L S FINANCE LIMITED,Investment Banking & Investment Services,VLSFINANCE,EQ,INE709A01018
V-MART RETAIL LIMITED,Diversified Retail,VMART,EQ,INE665J01013
VOLTAMP TRANSFORMERS LIMITED,"Machinery, Equipment & Components",VOLTAMP,EQ,INE540H01012
VRL LOGISTICS LIMITED,Freight & Logistics Services,VRLLOG,EQ,INE366I01010
VARDHMAN SPECIAL STEELS LIMITED,Metals & Mining,VSSL,EQ,INE050M01012
VST INDUSTRIES LIMITED,Food & Tobacco,VSTIND,EQ,INE710A01016
VST TILLERS TRACTORS LIMITED,"Machinery, Equipment & Components",VSTTILLERS,EQ,INE764D01017
VARDHMAN TEXTILES LIMITED,Textiles & Apparel,VTL,EQ,INE825A01012
VA TECH WABAG LIMITED,Water Utilities,WABAG,EQ,INE956G01038
WALCHANDNAGAR INDUSTRIES LIMITED,"Machinery, Equipment & Components",WALCHANNAG,EQ,INE711A01022
WANBURY LIMITED,Pharmaceuticals,WANBURY,BE,INE107F01022
WEALTH FIRST PORTFOLIO MANAGERS LIMITED,Investment Banking & Investment Services,WEALTH,SM,INE658T01017
Websol Energy System Limited,Renewable Energy,WEBELSOLAR,EQ,INE855C01015
,,WEIZFOREX,EQ,INE726L01019
WEIZMANN LIMITED,Textiles & Apparel,WEIZMANIND,EQ,INE080A01014
WELSPUN ENTERPRISES LIMITED.,Construction & Engineering,WELENT,EQ,INE625G01013
WELSPUN INVESTMENTS AND COMMERCIALS LIMITED,Investment Banking & Investment Services,WELINV,EQ,INE389K01018
WENDT INDIA LIMITED,"Machinery, Equipment & Components",WENDT,EQ,INE274C01019
WHEELS INDIA LIMITED,Automobiles & Auto Parts,WHEELS,EQ,INE715A01015
WILLIAMSON MAGOR & CO.LTD.,Banking Services,WILLAMAGOR,EQ,INE210A01017
WINDSOR MACHINES LIMITED,"Machinery, Equipment & Components",WINDMACHIN,EQ,INE052A01021
WINSOME YARNS LTD,Textiles & Apparel,WINSOME,EQ,INE784B01035
WONDERLA HOLIDAYS LIMITED,Hotels & Entertainment Services,WONDERLA,EQ,INE066O01014
W.S. INDUSTRIES (INDIA) LIMITED,Construction & Engineering,WSI,EQ,INE100D01014
WEST COAST PAPER MILLS LIMITED,Paper & Forest Products,WSTCSTPAPR,EQ,INE976A01021
XCHANGING SOLUTIONS LIMITED,Software & IT Services,XCHANGING,EQ,INE692G01013
XL Energy Limited,Renewable Energy,XLENERGY,EQ,INE183H01011
XPRO INDIA LIMITED,Chemicals,XPROINDIA,EQ,INE445C01015
YES BANK LIMITED,Banking Services,YESBANK,EQ,INE528G01019
,,ZANDUREALT,EQ,INE719A01017
ZEE LEARN LIMITED,"School, College & University",ZEELEARN,EQ,INE565L01011
Zee Media Corporation Limited,Media & Publishing,ZEEMEDIA,EQ,INE966H01019
,,ZENITHBIR,EQ,INE318D01020
ZENSAR TECHNOLOGIES LIMITED,Software & IT Services,ZENSARTECH,EQ,INE520A01019
ZICOM ELECTRONIC SECURITY SYSTEMS LIMITED,Professional & Commercial Services,ZICOM,EQ,INE871B01014
ZODIAC CLOTHING COMPANY LIMITED,Textiles & Apparel,ZODIACLOTH,EQ,INE206B01013
,,ZODJRDMKJ,EQ,INE077B01018
ZUARI AGRO CHEMICALS LIMITED,Chemicals,ZUARI,EQ,INE840M01016
,,ZUARIGLOB,EQ,INE217A01012
ZYDUS WELLNESS LIMITED,Food & Tobacco,ZYDUSWELL,EQ,INE768C01010
,,ZYLOG,BE,INE225I01026
